date,fips,cases,deaths
2020-03-22,6,1851,35
2020-03-23,6,2240,39
2020-03-24,6,2644,52
2020-03-25,6,3183,68
2020-03-26,6,4060,83
2020-03-27,6,4915,104
2020-03-28,6,5566,122
2020-03-29,6,6321,132
2020-03-30,6,7421,147
2020-03-31,6,8583,184
2020-04-01,6,9857,212
2020-04-02,6,11190,247
2020-04-03,6,12569,282
2020-04-04,6,13796,323
2020-04-05,6,15202,351
2020-04-06,6,16361,386
2020-04-07,6,17540,447
2020-04-08,6,19043,506
2020-04-09,6,20191,548
2020-04-10,6,21366,594
2020-04-11,6,22421,632
2020-04-12,6,23323,676
2020-04-13,6,24334,725
2020-04-14,6,25758,778
2020-04-15,6,27107,885
2020-04-16,6,28142,971
2020-04-17,6,29398,1050
2020-04-18,6,30829,1146
2020-04-19,6,31544,1176
2020-04-20,6,33862,1223
2020-04-21,6,35844,1316
2020-04-22,6,37573,1425
2020-04-23,6,39534,1548
2020-04-24,6,41368,1619
2020-04-25,6,42590,1692
2020-04-26,6,43691,1716
2020-04-27,6,45208,1800
2020-04-28,6,46570,1884
2020-04-29,6,48904,1961
2020-04-30,6,50470,2057
2020-05-01,6,52318,2147
2020-05-02,6,53753,2213
2020-05-03,6,55072,2235
2020-05-04,6,56333,2297
2020-05-05,6,58848,2386
2020-05-06,6,60787,2478
2020-05-07,6,62481,2561
2020-05-08,6,64616,2650
2020-05-09,6,66824,2732
2020-05-10,6,68051,2769
2020-05-11,6,69514,2820
2020-05-12,6,71150,2902
2020-05-13,6,73218,3014
2020-05-14,6,74947,3039
2020-05-15,6,77015,3192
2020-05-16,6,78933,3254
2020-05-17,6,80366,3290
2020-05-18,6,81943,3322
2020-05-19,6,83981,3422
2020-05-20,6,86125,3514
2020-05-21,6,88488,3624
2020-05-22,6,90801,3690
2020-05-23,6,92815,3768
2020-05-24,6,94743,3790
2020-05-25,6,97017,3808
2020-05-26,6,99924,3859
2020-05-27,6,101873,3961
2020-05-28,6,104071,4042
2020-05-29,6,107043,4144
2020-05-30,6,110100,4214
2020-05-31,6,113114,4242
2020-06-01,6,115643,4287
2020-06-02,6,118081,4360
2020-06-03,6,120407,4422
2020-06-04,6,122917,4484
2020-06-05,6,126510,4550
2020-06-06,6,129147,4626
2020-06-07,6,131997,4653
2020-06-08,6,134287,4679
2020-06-09,6,137245,4775
2020-06-10,6,140139,4869
2020-06-11,6,143709,4941
2020-06-12,6,147285,4986
2020-06-13,6,150434,5059
2020-06-14,6,152953,5089
2020-06-15,6,155662,5120
2020-06-16,6,159131,5202
2020-06-17,6,163381,5283
2020-06-18,6,167135,5359
2020-06-19,6,170843,5425
2020-06-20,6,174854,5495
2020-06-21,6,178807,5517
2020-06-22,6,184620,5561
2020-06-23,6,191039,5637
2020-06-24,6,195889,5728
2020-06-25,6,201413,5810
2020-06-26,6,207027,5872
2020-06-27,6,211453,5902
2020-06-28,6,216955,5937
2020-06-29,6,223995,5979
2020-06-30,6,232153,6083
2020-07-01,6,239764,6168
2020-07-02,6,248198,6263
2020-07-03,6,256298,6315
2020-07-04,6,265176,6329
2020-07-05,6,271587,6369
2020-07-06,6,277869,6452
2020-07-07,6,287766,6563
2020-07-08,6,296304,6708
2020-07-09,6,303516,6825
2020-07-10,6,311505,6936
2020-07-11,6,320030,7012
2020-07-12,6,327676,7042
2020-07-13,6,336206,7086
2020-07-14,6,346593,7227
2020-07-15,6,355497,7368
2020-07-16,6,364761,7490
2020-07-17,6,374922,7607
2020-07-18,6,383194,7697
2020-07-19,6,391460,7710
2020-07-20,6,400195,7764
2020-03-22,9,327,8
2020-03-23,9,415,10
2020-03-24,9,618,12
2020-03-25,9,875,19
2020-03-26,9,1012,21
2020-03-27,9,1291,27
2020-03-28,9,1524,33
2020-03-29,9,1993,34
2020-03-30,9,2571,36
2020-03-31,9,3128,69
2020-04-01,9,3557,85
2020-04-02,9,3824,112
2020-04-03,9,4915,132
2020-04-04,9,5276,165
2020-04-05,9,5675,189
2020-04-06,9,6906,206
2020-04-07,9,7781,277
2020-04-08,9,8781,335
2020-04-09,9,9784,380
2020-04-10,9,10538,448
2020-04-11,9,11510,494
2020-04-12,9,12035,554
2020-04-13,9,13381,602
2020-04-14,9,13989,671
2020-04-15,9,14755,868
2020-04-16,9,15884,971
2020-04-17,9,16809,1036
2020-04-18,9,17550,1086
2020-04-19,9,17962,1127
2020-04-20,9,19815,1331
2020-04-21,9,20360,1423
2020-04-22,9,22469,1544
2020-04-23,9,23100,1639
2020-04-24,9,23921,1764
2020-04-25,9,24582,1862
2020-04-26,9,25269,1925
2020-04-27,9,25997,2012
2020-04-28,9,26312,2089
2020-04-29,9,26767,2168
2020-04-30,9,27700,2257
2020-05-01,9,28764,2339
2020-05-02,9,29287,2436
2020-05-03,9,29287,2436
2020-05-04,9,29973,2556
2020-05-05,9,30621,2633
2020-05-06,9,30995,2718
2020-05-07,9,31784,2797
2020-05-08,9,32411,2874
2020-05-09,9,32984,2932
2020-05-10,9,33554,2967
2020-05-11,9,33765,3008
2020-05-12,9,34333,3041
2020-05-13,9,34855,3125
2020-05-14,9,35464,3219
2020-05-15,9,36085,3285
2020-05-16,9,36703,3339
2020-05-17,9,37419,3408
2020-05-18,9,38116,3449
2020-05-19,9,38430,3472
2020-05-20,9,39017,3529
2020-05-21,9,39208,3582
2020-05-22,9,39640,3637
2020-05-23,9,40022,3675
2020-05-24,9,40468,3693
2020-05-25,9,40873,3742
2020-05-26,9,41303,3769
2020-05-27,9,41288,3803
2020-05-28,9,41559,3826
2020-05-29,9,41762,3868
2020-05-30,9,42022,3912
2020-05-31,9,42201,3944
2020-06-01,9,42740,3964
2020-06-02,9,42979,3972
2020-06-03,9,43091,3989
2020-06-04,9,43239,4007
2020-06-05,9,43460,4038
2020-06-06,9,43818,4055
2020-06-07,9,43968,4071
2020-06-08,9,44092,4084
2020-06-09,9,44179,4097
2020-06-10,9,44347,4120
2020-06-11,9,44461,4146
2020-06-12,9,44689,4159
2020-06-13,9,44994,4186
2020-06-14,9,45088,4201
2020-06-15,9,45235,4204
2020-06-16,9,45349,4210
2020-06-17,9,45429,4219
2020-06-18,9,45440,4226
2020-06-19,9,45557,4238
2020-06-20,9,45715,4251
2020-06-21,9,45755,4260
2020-06-22,9,45782,4263
2020-06-23,9,45899,4277
2020-06-24,9,45913,4287
2020-06-25,9,45994,4298
2020-06-26,9,46059,4307
2020-06-27,9,46206,4311
2020-06-28,9,46303,4316
2020-06-29,9,46362,4320
2020-06-30,9,46514,4322
2020-07-01,9,46572,4324
2020-07-02,9,46646,4326
2020-07-03,9,46717,4335
2020-07-04,9,46717,4335
2020-07-05,9,46717,4335
2020-07-06,9,46976,4338
2020-07-07,9,47033,4338
2020-07-08,9,47108,4343
2020-07-09,9,47209,4348
2020-07-10,9,47287,4348
2020-07-11,9,47287,4348
2020-07-12,9,47287,4348
2020-07-13,9,47510,4371
2020-07-14,9,47530,4372
2020-07-15,9,47636,4380
2020-07-16,9,47750,4389
2020-07-17,9,47893,4396
2020-07-18,9,47893,4396
2020-07-19,9,47893,4396
2020-07-20,9,48055,4406
2020-03-22,12,1000,13
2020-03-23,12,1222,18
2020-03-24,12,1467,20
2020-03-25,12,1971,23
2020-03-26,12,2478,29
2020-03-27,12,3198,46
2020-03-28,12,4038,56
2020-03-29,12,4943,60
2020-03-30,12,5695,72
2020-03-31,12,6742,85
2020-04-01,12,7769,100
2020-04-02,12,9000,144
2020-04-03,12,10260,169
2020-04-04,12,11537,194
2020-04-05,12,12342,220
2020-04-06,12,13621,253
2020-04-07,12,14739,295
2020-04-08,12,15690,322
2020-04-09,12,16819,370
2020-04-10,12,17960,418
2020-04-11,12,18978,445
2020-04-12,12,19855,460
2020-04-13,12,21011,498
2020-04-14,12,21620,570
2020-04-15,12,22526,613
2020-04-16,12,23332,667
2020-04-17,12,24745,725
2020-04-18,12,25484,747
2020-04-19,12,26306,773
2020-04-20,12,27050,822
2020-04-21,12,27861,866
2020-04-22,12,28301,926
2020-04-23,12,29640,986
2020-04-24,12,30525,1045
2020-04-25,12,30831,1054
2020-04-26,12,31520,1073
2020-04-27,12,32130,1087
2020-04-28,12,32838,1170
2020-04-29,12,33185,1216
2020-04-30,12,33683,1267
2020-05-01,12,34720,1313
2020-05-02,12,35455,1363
2020-05-03,12,36070,1378
2020-05-04,12,36889,1398
2020-05-05,12,37431,1470
2020-05-06,12,37994,1538
2020-05-07,12,38820,1599
2020-05-08,12,39191,1668
2020-05-09,12,39993,1714
2020-05-10,12,40588,1720
2020-05-11,12,40974,1734
2020-05-12,12,41915,1778
2020-05-13,12,42394,1826
2020-05-14,12,43202,1874
2020-05-15,12,44130,1916
2020-05-16,12,44803,1963
2020-05-17,12,45580,1972
2020-05-18,12,46434,1996
2020-05-19,12,46936,2051
2020-05-20,12,47463,2095
2020-05-21,12,48667,2143
2020-05-22,12,49443,2189
2020-05-23,12,50119,2232
2020-05-24,12,50859,2236
2020-05-25,12,51738,2251
2020-05-26,12,52247,2258
2020-05-27,12,52626,2318
2020-05-28,12,53277,2363
2020-05-29,12,54489,2412
2020-05-30,12,55416,2446
2020-05-31,12,56155,2450
2020-06-01,12,56822,2459
2020-06-02,12,57439,2529
2020-06-03,12,58756,2565
2020-06-04,12,60175,2606
2020-06-05,12,61480,2659
2020-06-06,12,62750,2687
2020-06-07,12,63930,2699
2020-06-08,12,64896,2711
2020-06-09,12,65992,2764
2020-06-10,12,67363,2800
2020-06-11,12,69061,2847
2020-06-12,12,70963,2876
2020-06-13,12,73544,2924
2020-06-14,12,75560,2930
2020-06-15,12,77318,2937
2020-06-16,12,80101,2992
2020-06-17,12,82711,3017
2020-06-18,12,85918,3060
2020-06-19,12,89740,3103
2020-06-20,12,93789,3143
2020-06-21,12,97283,3160
2020-06-22,12,100209,3172
2020-06-23,12,103495,3237
2020-06-24,12,109006,3280
2020-06-25,12,114010,3326
2020-06-26,12,122952,3365
2020-06-27,12,132537,3389
2020-06-28,12,141067,3418
2020-06-29,12,146333,3446
2020-06-30,12,152426,3504
2020-07-01,12,158989,3549
2020-07-02,12,169098,3616
2020-07-03,12,178586,3683
2020-07-04,12,190044,3701
2020-07-05,12,200103,3730
2020-07-06,12,206439,3777
2020-07-07,12,213786,3840
2020-07-08,12,223775,3888
2020-07-09,12,232710,4008
2020-07-10,12,244143,4101
2020-07-11,12,254503,4196
2020-07-12,12,269803,4241
2020-07-13,12,282427,4276
2020-07-14,12,291621,4408
2020-07-15,12,301802,4520
2020-07-16,12,315767,4676
2020-07-17,12,327233,4804
2020-07-18,12,337561,4894
2020-07-19,12,350039,4981
2020-07-20,12,360386,5071
2020-03-22,13,620,25
2020-03-23,13,800,25
2020-03-24,13,1095,38
2020-03-25,13,1385,47
2020-03-26,13,1641,56
2020-03-27,13,2198,64
2020-03-28,13,2447,79
2020-03-29,13,2683,83
2020-03-30,13,3032,103
2020-03-31,13,4116,126
2020-04-01,13,4747,154
2020-04-02,13,5444,176
2020-04-03,13,5967,198
2020-04-04,13,6383,208
2020-04-05,13,6742,219
2020-04-06,13,7558,294
2020-04-07,13,9156,348
2020-04-08,13,10204,370
2020-04-09,13,10885,412
2020-04-10,13,11859,425
2020-04-11,13,12261,432
2020-04-12,13,12103,438
2020-04-13,13,13125,479
2020-04-14,13,13913,517
2020-04-15,13,14583,569
2020-04-16,13,15644,611
2020-04-17,13,16658,661
2020-04-18,13,17014,670
2020-04-19,13,17619,682
2020-04-20,13,18447,767
2020-04-21,13,19189,810
2020-04-22,13,20099,837
2020-04-23,13,20905,871
2020-04-24,13,21575,889
2020-04-25,13,22225,897
2020-04-26,13,22459,907
2020-04-27,13,23229,981
2020-04-28,13,23607,1022
2020-04-29,13,24300,1086
2020-04-30,13,25431,1121
2020-05-01,13,26436,1153
2020-05-02,13,27268,1161
2020-05-03,13,27618,1168
2020-05-04,13,28350,1228
2020-05-05,13,28876,1277
2020-05-06,13,29724,1309
2020-05-07,13,30524,1332
2020-05-08,13,31089,1378
2020-05-09,13,31481,1380
2020-05-10,13,32267,1383
2020-05-11,13,32448,1420
2020-05-12,13,33311,1470
2020-05-13,13,33866,1494
2020-05-14,13,34422,1521
2020-05-15,13,35242,1563
2020-05-16,13,35655,1573
2020-05-17,13,35954,1584
2020-05-18,13,36634,1624
2020-05-19,13,37214,1650
2020-05-20,13,38162,1672
2020-05-21,13,38969,1749
2020-05-22,13,39734,1779
2020-05-23,13,40408,1794
2020-05-24,13,40989,1799
2020-05-25,13,41414,1820
2020-05-26,13,42066,1867
2020-05-27,13,42713,1904
2020-05-28,13,43363,1942
2020-05-29,13,43888,1953
2020-05-30,13,44336,1973
2020-05-31,13,45051,2019
2020-06-01,13,45757,2057
2020-06-02,13,46063,2070
2020-06-03,13,46711,2092
2020-06-04,13,47528,2116
2020-06-05,13,48280,2143
2020-06-06,13,48943,2147
2020-06-07,13,49371,2148
2020-06-08,13,49995,2176
2020-06-09,13,50769,2250
2020-06-10,13,51465,2292
2020-06-11,13,52332,2337
2020-06-12,13,53201,2384
2020-06-13,13,54178,2411
2020-06-14,13,54874,2416
2020-06-15,13,55505,2457
2020-06-16,13,56302,2492
2020-06-17,13,57217,2536
2020-06-18,13,58040,2565
2020-06-19,13,59117,2596
2020-06-20,13,60669,2602
2020-06-21,13,61493,2603
2020-06-22,13,62705,2607
2020-06-23,13,64577,2646
2020-06-24,13,66290,2658
2020-06-25,13,67796,2704
2020-06-26,13,69542,2727
2020-06-27,13,71066,2733
2020-06-28,13,72800,2735
2020-06-29,13,74816,2739
2020-06-30,13,77280,2758
2020-07-01,13,79589,2779
2020-07-02,13,82475,2801
2020-07-03,13,85079,2808
2020-07-04,13,87592,2809
2020-07-05,13,89489,2812
2020-07-06,13,91015,2829
2020-07-07,13,93707,2850
2020-07-08,13,96538,2871
2020-07-09,13,98693,2880
2020-07-10,13,103597,2915
2020-07-11,13,106574,2946
2020-07-12,13,108389,2951
2020-07-13,13,111937,2972
2020-07-14,13,114579,2996
2020-07-15,13,118147,3030
2020-07-16,13,120848,3043
2020-07-17,13,124267,3071
2020-07-18,13,128341,3105
2020-07-19,13,130794,3110
2020-07-20,13,132788,3113
2020-03-22,17,1047,9
2020-03-23,17,1285,12
2020-03-24,17,1535,16
2020-03-25,17,1874,21
2020-03-26,17,2538,26
2020-03-27,17,3029,37
2020-03-28,17,3547,50
2020-03-29,17,4615,71
2020-03-30,17,5070,84
2020-03-31,17,5992,107
2020-04-01,17,6978,146
2020-04-02,17,7695,165
2020-04-03,17,8904,212
2020-04-04,17,10357,248
2020-04-05,17,11276,283
2020-04-06,17,12262,309
2020-04-07,17,13549,384
2020-04-08,17,15078,464
2020-04-09,17,16422,534
2020-04-10,17,17887,607
2020-04-11,17,19180,682
2020-04-12,17,20852,727
2020-04-13,17,22025,800
2020-04-14,17,23247,878
2020-04-15,17,24593,958
2020-04-16,17,25734,1081
2020-04-17,17,27575,1142
2020-04-18,17,29160,1272
2020-04-19,17,30357,1302
2020-04-20,17,31508,1359
2020-04-21,17,33059,1479
2020-04-22,17,35108,1577
2020-04-23,17,36935,1696
2020-04-24,17,39658,1804
2020-04-25,17,41777,1884
2020-04-26,17,43903,1943
2020-04-27,17,45883,1992
2020-04-28,17,48102,2132
2020-04-29,17,50355,2221
2020-04-30,17,52918,2361
2020-05-01,17,56055,2464
2020-05-02,17,58505,2576
2020-05-03,17,61499,2632
2020-05-04,17,63840,2673
2020-05-05,17,65889,2843
2020-05-06,17,68164,2977
2020-05-07,17,70802,3139
2020-05-08,17,73688,3262
2020-05-09,17,76008,3362
2020-05-10,17,77662,3426
2020-05-11,17,79123,3480
2020-05-12,17,83168,3617
2020-05-13,17,84874,3815
2020-05-14,17,88081,3945
2020-05-15,17,90528,4075
2020-05-16,17,92669,4149
2020-05-17,17,94360,4198
2020-05-18,17,96778,4257
2020-05-19,17,98298,4399
2020-05-20,17,100713,4547
2020-05-21,17,102995,4634
2020-05-22,17,105710,4740
2020-05-23,17,108100,4817
2020-05-24,17,110541,4884
2020-05-25,17,112248,4912
2020-05-26,17,113486,4960
2020-05-27,17,114612,5118
2020-05-28,17,116128,5225
2020-05-29,17,117794,5308
2020-05-30,17,119290,5368
2020-05-31,17,120588,5426
2020-06-01,17,121666,5458
2020-06-02,17,123244,5567
2020-06-03,17,124279,5665
2020-06-04,17,125149,5772
2020-06-05,17,126317,5834
2020-06-06,17,127251,5898
2020-06-07,17,128070,5939
2020-06-08,17,129543,6142
2020-06-09,17,130321,6237
2020-06-10,17,130889,6302
2020-06-11,17,131731,6388
2020-06-12,17,132489,6469
2020-06-13,17,133117,6491
2020-06-14,17,133719,6512
2020-06-15,17,134247,6543
2020-06-16,17,134866,6608
2020-06-17,17,135416,6687
2020-06-18,17,136081,6737
2020-06-19,17,136917,6801
2020-06-20,17,137535,6846
2020-06-21,17,138154,6865
2020-06-22,17,138615,6889
2020-06-23,17,139282,6925
2020-06-24,17,140025,6986
2020-06-25,17,140935,7024
2020-06-26,17,141812,7059
2020-06-27,17,142536,7083
2020-06-28,17,143117,7098
2020-06-29,17,143885,7115
2020-06-30,17,144661,7136
2020-07-01,17,145541,7160
2020-07-02,17,146407,7197
2020-07-03,17,147293,7222
2020-07-04,17,148151,7234
2020-07-05,17,148730,7241
2020-07-06,17,149428,7250
2020-07-07,17,150110,7281
2020-07-08,17,151055,7315
2020-07-09,17,152188,7333
2020-07-10,17,153406,7349
2020-07-11,17,154530,7372
2020-07-12,17,155355,7391
2020-07-13,17,156288,7398
2020-07-14,17,157055,7425
2020-07-15,17,158451,7435
2020-07-16,17,159676,7457
2020-07-17,17,161042,7468
2020-07-18,17,162299,7486
2020-07-19,17,163284,7491
2020-07-20,17,164552,7500
2020-03-22,22,837,20
2020-03-23,22,1172,34
2020-03-24,22,1388,46
2020-03-25,22,1795,65
2020-03-26,22,2305,83
2020-03-27,22,2746,119
2020-03-28,22,3315,137
2020-03-29,22,3539,153
2020-03-30,22,4024,186
2020-03-31,22,5237,240
2020-04-01,22,6424,275
2020-04-02,22,9152,310
2020-04-03,22,10299,370
2020-04-04,22,12500,412
2020-04-05,22,13014,477
2020-04-06,22,14867,512
2020-04-07,22,16284,582
2020-04-08,22,17030,652
2020-04-09,22,18283,702
2020-04-10,22,19253,755
2020-04-11,22,20014,806
2020-04-12,22,20595,840
2020-04-13,22,21016,884
2020-04-14,22,21518,1013
2020-04-15,22,21951,1103
2020-04-16,22,22532,1156
2020-04-17,22,23118,1213
2020-04-18,22,23580,1267
2020-04-19,22,23928,1296
2020-04-20,22,24523,1328
2020-04-21,22,24854,1405
2020-04-22,22,25317,1532
2020-04-23,22,25798,1599
2020-04-24,22,26199,1660
2020-04-25,22,26571,1703
2020-04-26,22,26832,1729
2020-04-27,22,27111,1740
2020-04-28,22,27329,1801
2020-04-29,22,27703,1845
2020-04-30,22,28044,1905
2020-05-01,22,28754,1970
2020-05-02,22,29183,1993
2020-05-03,22,29383,2012
2020-05-04,22,29746,2064
2020-05-05,22,30069,2115
2020-05-06,22,30472,2167
2020-05-07,22,30725,2208
2020-05-08,22,30928,2227
2020-05-09,22,31490,2267
2020-05-10,22,31673,2286
2020-05-11,22,31881,2308
2020-05-12,22,32116,2347
2020-05-13,22,32728,2381
2020-05-14,22,33555,2417
2020-05-15,22,33903,2448
2020-05-16,22,34183,2479
2020-05-17,22,34498,2491
2020-05-18,22,34832,2563
2020-05-19,22,35161,2581
2020-05-20,22,35439,2608
2020-05-21,22,36627,2629
2020-05-22,22,37048,2669
2020-05-23,22,37165,2683
2020-05-24,22,37293,2690
2020-05-25,22,37916,2690
2020-05-26,22,38252,2701
2020-05-27,22,38694,2722
2020-05-28,22,38907,2740
2020-05-29,22,38907,2766
2020-05-30,22,39682,2785
2020-05-31,22,40021,2791
2020-06-01,22,40452,2801
2020-06-02,22,40857,2835
2020-06-03,22,41244,2870
2020-06-04,22,41673,2883
2020-06-05,22,42100,2912
2020-06-06,22,42597,2925
2020-06-07,22,42927,2936
2020-06-08,22,43163,2944
2020-06-09,22,43725,2957
2020-06-10,22,44143,2968
2020-06-11,22,44585,2987
2020-06-12,22,45108,2996
2020-06-13,22,46396,3004
2020-06-14,22,46732,3014
2020-06-15,22,47284,3018
2020-06-16,22,47818,3042
2020-06-17,22,48746,3062
2020-06-18,22,49506,3069
2020-06-19,22,48627,3084
2020-06-20,22,49497,3104
2020-06-21,22,49890,3105
2020-06-22,22,50352,3117
2020-06-23,22,51708,3134
2020-06-24,22,52590,3152
2020-06-25,22,53528,3164
2020-06-26,22,54882,3190
2020-06-27,22,54882,3190
2020-06-28,22,56349,3199
2020-06-29,22,57189,3199
2020-06-30,22,58203,3221
2020-07-01,22,60286,3238
2020-07-02,22,61669,3255
2020-07-03,22,63397,3278
2020-07-04,22,63397,3278
2020-07-05,22,65334,3288
2020-07-06,22,66435,3296
2020-07-07,22,68371,3319
2020-07-08,22,70259,3339
2020-07-09,22,72102,3355
2020-07-10,22,74744,3380
2020-07-11,22,76911,3403
2020-07-12,22,78230,3416
2020-07-13,22,79935,3423
2020-07-14,22,82150,3445
2020-07-15,22,84241,3461
2020-07-16,22,86521,3485
2020-07-17,22,88700,3509
2020-07-18,22,88700,3509
2020-07-19,22,91816,3543
2020-07-20,22,95002,3572
2020-03-22,24,245,3
2020-03-23,24,290,3
2020-03-24,24,349,4
2020-03-25,24,423,4
2020-03-26,24,581,4
2020-03-27,24,790,5
2020-03-28,24,1066,10
2020-03-29,24,1244,11
2020-03-30,24,1415,15
2020-03-31,24,1662,18
2020-04-01,24,1985,33
2020-04-02,24,2331,36
2020-04-03,24,2758,42
2020-04-04,24,3125,54
2020-04-05,24,3609,68
2020-04-06,24,4045,92
2020-04-07,24,4371,104
2020-04-08,24,5529,124
2020-04-09,24,6185,139
2020-04-10,24,6968,172
2020-04-11,24,7694,207
2020-04-12,24,8225,236
2020-04-13,24,8936,262
2020-04-14,24,9472,302
2020-04-15,24,10096,413
2020-04-16,24,10851,459
2020-04-17,24,11641,494
2020-04-18,24,12379,534
2020-04-19,24,12892,548
2020-04-20,24,13750,582
2020-04-21,24,14261,652
2020-04-22,24,14842,698
2020-04-23,24,15805,748
2020-04-24,24,16693,798
2020-04-25,24,17844,875
2020-04-26,24,18664,910
2020-04-27,24,19574,945
2020-04-28,24,20200,1016
2020-04-29,24,20942,1078
2020-04-30,24,21825,1139
2020-05-01,24,23566,1192
2020-05-02,24,24568,1251
2020-05-03,24,25561,1281
2020-05-04,24,26509,1317
2020-05-05,24,27217,1390
2020-05-06,24,28263,1443
2020-05-07,24,29476,1503
2020-05-08,24,30592,1560
2020-05-09,24,31638,1614
2020-05-10,24,32693,1644
2020-05-11,24,33483,1683
2020-05-12,24,34174,1756
2020-05-13,24,34927,1809
2020-05-14,24,36021,1866
2020-05-15,24,37105,1911
2020-05-16,24,38083,1957
2020-05-17,24,38920,1992
2020-05-18,24,39882,2023
2020-05-19,24,41664,2081
2020-05-20,24,42442,2123
2020-05-21,24,43645,2159
2020-05-22,24,44539,2207
2020-05-23,24,45608,2243
2020-05-24,24,46919,2277
2020-05-25,24,47754,2302
2020-05-26,24,48290,2333
2020-05-27,24,49042,2392
2020-05-28,24,50334,2428
2020-05-29,24,51631,2466
2020-05-30,24,52662,2509
2020-05-31,24,53456,2532
2020-06-01,24,54035,2552
2020-06-02,24,54831,2597
2020-06-03,24,55617,2641
2020-06-04,24,56490,2668
2020-06-05,24,57407,2702
2020-06-06,24,58099,2740
2020-06-07,24,58593,2749
2020-06-08,24,59024,2776
2020-06-09,24,59543,2811
2020-06-10,24,60114,2844
2020-06-11,24,60823,2875
2020-06-12,24,61262,2900
2020-06-13,24,61935,2926
2020-06-14,24,62328,2939
2020-06-15,24,62653,2947
2020-06-16,24,63004,2982
2020-06-17,24,63565,2996
2020-06-18,24,63839,3016
2020-06-19,24,64150,3030
2020-06-20,24,64565,3052
2020-06-21,24,64903,3066
2020-06-22,24,65202,3074
2020-06-23,24,65602,3092
2020-06-24,24,65934,3108
2020-06-25,24,66397,3129
2020-06-26,24,66704,3142
2020-06-27,24,67032,3157
2020-06-28,24,67360,3168
2020-06-29,24,67837,3175
2020-06-30,24,68152,3190
2020-07-01,24,68502,3205
2020-07-02,24,69015,3212
2020-07-03,24,69422,3223
2020-07-04,24,69724,3236
2020-07-05,24,69957,3243
2020-07-06,24,70497,3246
2020-07-07,24,70986,3266
2020-07-08,24,71455,3275
2020-07-09,24,72037,3288
2020-07-10,24,72503,3303
2020-07-11,24,73060,3310
2020-07-12,24,73705,3319
2020-07-13,24,74124,3325
2020-07-14,24,74836,3334
2020-07-15,24,75576,3341
2020-07-16,24,76237,3347
2020-07-17,24,76941,3359
2020-07-18,24,77773,3368
2020-07-19,24,78698,3377
2020-07-20,24,79251,3382
2020-03-22,25,646,5
2020-03-23,25,777,9
2020-03-24,25,1159,11
2020-03-25,25,1838,15
2020-03-26,25,2417,25
2020-03-27,25,3240,35
2020-03-28,25,4257,44
2020-03-29,25,4955,48
2020-03-30,25,5752,56
2020-03-31,25,6620,89
2020-04-01,25,7738,122
2020-04-02,25,8966,154
2020-04-03,25,10402,192
2020-04-04,25,11736,216
2020-04-05,25,12500,231
2020-04-06,25,13837,260
2020-04-07,25,15202,356
2020-04-08,25,16790,433
2020-04-09,25,18941,503
2020-04-10,25,20974,599
2020-04-11,25,22860,686
2020-04-12,25,25475,756
2020-04-13,25,26867,844
2020-04-14,25,28163,957
2020-04-15,25,29918,1108
2020-04-16,25,32181,1245
2020-04-17,25,34402,1404
2020-04-18,25,36372,1560
2020-04-19,25,38077,1706
2020-04-20,25,39643,1809
2020-04-21,25,41199,1961
2020-04-22,25,42944,2182
2020-04-23,25,46023,2360
2020-04-24,25,50969,2556
2020-04-25,25,53348,2730
2020-04-26,25,54938,2899
2020-04-27,25,56462,3003
2020-04-28,25,58302,3153
2020-04-29,25,60265,3405
2020-04-30,25,62205,3562
2020-05-01,25,64311,3716
2020-05-02,25,66263,3846
2020-05-03,25,68087,4004
2020-05-04,25,69087,4090
2020-05-05,25,70271,4212
2020-05-06,25,72025,4420
2020-05-07,25,73721,4552
2020-05-08,25,75333,4702
2020-05-09,25,76743,4840
2020-05-10,25,77793,4979
2020-05-11,25,78462,5108
2020-05-12,25,79332,5141
2020-05-13,25,80497,5315
2020-05-14,25,82182,5482
2020-05-15,25,83421,5592
2020-05-16,25,84933,5705
2020-05-17,25,86010,5797
2020-05-18,25,87052,5862
2020-05-19,25,87925,5938
2020-05-20,25,88970,6066
2020-05-21,25,90084,6148
2020-05-22,25,90889,6228
2020-05-23,25,91662,6304
2020-05-24,25,92675,6372
2020-05-25,25,93271,6416
2020-05-26,25,93693,6473
2020-05-27,25,94220,6547
2020-05-28,25,94895,6640
2020-05-29,25,95512,6718
2020-05-30,25,96301,6768
2020-05-31,25,96965,6846
2020-06-01,25,100805,7035
2020-06-02,25,101163,7085
2020-06-03,25,101592,7152
2020-06-04,25,102063,7201
2020-06-05,25,102557,7235
2020-06-06,25,103132,7289
2020-06-07,25,103436,7316
2020-06-08,25,103626,7353
2020-06-09,25,103889,7408
2020-06-10,25,104156,7454
2020-06-11,25,104667,7492
2020-06-12,25,105059,7538
2020-06-13,25,105395,7576
2020-06-14,25,105603,7624
2020-06-15,25,105690,7646
2020-06-16,25,105885,7664
2020-06-17,25,106151,7733
2020-06-18,25,106422,7769
2020-06-19,25,106650,7799
2020-06-20,25,106936,7827
2020-06-21,25,107061,7857
2020-06-22,25,107210,7873
2020-06-23,25,107439,7889
2020-06-24,25,107611,7937
2020-06-25,25,107837,7962
2020-06-26,25,108070,8012
2020-06-27,25,108443,8040
2020-06-28,25,108667,8060
2020-06-29,25,108768,8095
2020-06-30,25,108882,8054
2020-07-01,25,109143,8081
2020-07-02,25,109338,8132
2020-07-03,25,109628,8149
2020-07-04,25,109838,8172
2020-07-05,25,109974,8183
2020-07-06,25,110137,8198
2020-07-07,25,110338,8213
2020-07-08,25,110602,8243
2020-07-09,25,110897,8268
2020-07-10,25,111110,8296
2020-07-11,25,111398,8310
2020-07-12,25,111597,8325
2020-07-13,25,111827,8330
2020-07-14,25,112130,8340
2020-07-15,25,112347,8368
2020-07-16,25,112581,8380
2020-07-17,25,112879,8402
2020-07-18,25,113238,8419
2020-07-19,25,113534,8431
2020-07-20,25,113789,8433
2020-03-22,26,1033,9
2020-03-23,26,1324,16
2020-03-24,26,1791,24
2020-03-25,26,2293,43
2020-03-26,26,2877,63
2020-03-27,26,3655,93
2020-03-28,26,4634,112
2020-03-29,26,5486,132
2020-03-30,26,6508,197
2020-03-31,26,7629,264
2020-04-01,26,9292,336
2020-04-02,26,10791,417
2020-04-03,26,12669,478
2020-04-04,26,14225,541
2020-04-05,26,15633,617
2020-04-06,26,17129,727
2020-04-07,26,18851,845
2020-04-08,26,20220,959
2020-04-09,26,21375,1076
2020-04-10,26,22646,1280
2020-04-11,26,23855,1395
2020-04-12,26,24496,1488
2020-04-13,26,25490,1603
2020-04-14,26,26845,1767
2020-04-15,26,27894,1920
2020-04-16,26,29120,2092
2020-04-17,26,29954,2227
2020-04-18,26,30718,2307
2020-04-19,26,31349,2389
2020-04-20,26,31929,2466
2020-04-21,26,32936,2698
2020-04-22,26,33973,2813
2020-04-23,26,35253,2977
2020-04-24,26,36628,3084
2020-04-25,26,37302,3273
2020-04-26,26,38003,3314
2020-04-27,26,38457,3406
2020-04-28,26,39469,3566
2020-04-29,26,40443,3670
2020-04-30,26,41348,3788
2020-05-01,26,42348,3866
2020-05-02,26,43191,4020
2020-05-03,26,43803,4049
2020-05-04,26,43996,4135
2020-05-05,26,44391,4179
2020-05-06,26,45079,4250
2020-05-07,26,45643,4343
2020-05-08,26,46319,4393
2020-05-09,26,46735,4526
2020-05-10,26,47116,4551
2020-05-11,26,47526,4584
2020-05-12,26,47946,4674
2020-05-13,26,48307,4714
2020-05-14,26,49489,4787
2020-05-15,26,49982,4825
2020-05-16,26,50416,4880
2020-05-17,26,51054,4891
2020-05-18,26,51853,4915
2020-05-19,26,52337,5017
2020-05-20,26,52988,5060
2020-05-21,26,53468,5129
2020-05-22,26,53865,5158
2020-05-23,26,54304,5223
2020-05-24,26,54616,5228
2020-05-25,26,54816,5240
2020-05-26,26,55040,5266
2020-05-27,26,55544,5334
2020-05-28,26,55944,5372
2020-05-29,26,56589,5406
2020-05-30,26,56848,5463
2020-05-31,26,57355,5491
2020-06-01,26,58435,5525
2020-06-02,26,58680,5562
2020-06-03,26,58990,5579
2020-06-04,26,59215,5604
2020-06-05,26,63744,5854
2020-06-06,26,64196,5894
2020-06-07,26,64615,5898
2020-06-08,26,64911,5916
2020-06-09,26,65190,5946
2020-06-10,26,65377,5958
2020-06-11,26,65627,5985
2020-06-12,26,65881,5994
2020-06-13,26,66024,6017
2020-06-14,26,66246,6020
2020-06-15,26,66302,6025
2020-06-16,26,66466,6039
2020-06-17,26,66694,6041
2020-06-18,26,66980,6064
2020-06-19,26,67300,6071
2020-06-20,26,67721,6091
2020-06-21,26,67873,6094
2020-06-22,26,68144,6101
2020-06-23,26,68373,6113
2020-06-24,26,68711,6118
2020-06-25,26,69159,6137
2020-06-26,26,69473,6138
2020-06-27,26,69802,6157
2020-06-28,26,70042,6161
2020-06-29,26,70356,6165
2020-06-30,26,70850,6197
2020-07-01,26,71279,6202
2020-07-02,26,71853,6216
2020-07-03,26,72306,6219
2020-07-04,26,72702,6222
2020-07-05,26,73027,6222
2020-07-06,26,73403,6225
2020-07-07,26,74011,6256
2020-07-08,26,74660,6266
2020-07-09,26,75247,6275
2020-07-10,26,75871,6288
2020-07-11,26,76499,6316
2020-07-12,26,76936,6317
2020-07-13,26,77354,6324
2020-07-14,26,78045,6330
2020-07-15,26,79081,6333
2020-07-16,26,79977,6351
2020-07-17,26,80752,6358
2020-07-18,26,81384,6367
2020-07-19,26,81935,6369
2020-07-20,26,82486,6377
2020-03-22,34,1914,20
2020-03-23,34,2844,27
2020-03-24,34,3675,44
2020-03-25,34,4402,62
2020-03-26,34,6876,82
2020-03-27,34,8825,108
2020-03-28,34,11124,140
2020-03-29,34,13386,161
2020-03-30,34,16636,199
2020-03-31,34,18696,267
2020-04-01,34,22255,355
2020-04-02,34,25590,539
2020-04-03,34,29895,647
2020-04-04,34,34124,847
2020-04-05,34,37505,917
2020-04-06,34,41090,1005
2020-04-07,34,44416,1232
2020-04-08,34,47437,1504
2020-04-09,34,51027,1700
2020-04-10,34,54588,1932
2020-04-11,34,58151,2183
2020-04-12,34,61850,2350
2020-04-13,34,64584,2443
2020-04-14,34,68824,2805
2020-04-15,34,71030,3156
2020-04-16,34,75317,3518
2020-04-17,34,78467,3840
2020-04-18,34,81420,4070
2020-04-19,34,85301,4202
2020-04-20,34,88806,4377
2020-04-21,34,92387,4753
2020-04-22,34,95865,5063
2020-04-23,34,99989,5368
2020-04-24,34,102196,5617
2020-04-25,34,105523,5863
2020-04-26,34,109038,5938
2020-04-27,34,111188,6044
2020-04-28,34,113856,6442
2020-04-29,34,116264,6770
2020-04-30,34,118652,7228
2020-05-01,34,121190,7538
2020-05-02,34,123717,7742
2020-05-03,34,126744,7871
2020-05-04,34,128269,7910
2020-05-05,34,130593,8244
2020-05-06,34,131890,8549
2020-05-07,34,133635,8801
2020-05-08,34,135454,8952
2020-05-09,34,137085,9116
2020-05-10,34,138532,9255
2020-05-11,34,139945,9310
2020-05-12,34,140743,9508
2020-05-13,34,141560,9702
2020-05-14,34,142704,9946
2020-05-15,34,143905,10138
2020-05-16,34,145089,10249
2020-05-17,34,146334,10356
2020-05-18,34,148039,10435
2020-05-19,34,149013,10586
2020-05-20,34,150399,10747
2020-05-21,34,151472,10843
2020-05-22,34,152719,10985
2020-05-23,34,153104,11081
2020-05-24,34,154154,11133
2020-05-25,34,155092,11144
2020-05-26,34,155764,11191
2020-05-27,34,156628,11339
2020-05-28,34,157815,11401
2020-05-29,34,158844,11531
2020-05-30,34,159608,11634
2020-05-31,34,160445,11698
2020-06-01,34,160918,11721
2020-06-02,34,161545,11770
2020-06-03,34,162068,11880
2020-06-04,34,162530,11970
2020-06-05,34,163336,12049
2020-06-06,34,163893,12106
2020-06-07,34,164164,12176
2020-06-08,34,164497,12214
2020-06-09,34,164796,12303
2020-06-10,34,165346,12377
2020-06-11,34,165816,12443
2020-06-12,34,166164,12489
2020-06-13,34,166605,12589
2020-06-14,34,166881,12625
2020-06-15,34,167103,12676
2020-06-16,34,167426,12727
2020-06-17,34,167703,12769
2020-06-18,34,168107,12800
2020-06-19,34,168496,12835
2020-06-20,34,168834,12857
2020-06-21,34,169142,12870
2020-06-22,34,169415,12895
2020-06-23,34,169734,12949
2020-06-24,34,169892,12995
2020-06-25,34,172050,14872
2020-06-26,34,172438,14914
2020-06-27,34,172727,14948
2020-06-28,34,173036,14975
2020-06-29,34,173126,14992
2020-06-30,34,173521,15035
2020-07-01,34,173782,15078
2020-07-02,34,174212,15107
2020-07-03,34,174598,15164
2020-07-04,34,174889,15189
2020-07-05,34,175258,15211
2020-07-06,34,175467,15229
2020-07-07,34,175734,15281
2020-07-08,34,175986,15423
2020-07-09,34,176217,15448
2020-07-10,34,176575,15479
2020-07-11,34,176906,15525
2020-07-12,34,177245,15525
2020-07-13,34,177469,15560
2020-07-14,34,177862,15582
2020-07-15,34,178252,15634
2020-07-16,34,178475,15665
2020-07-17,34,178525,15684
2020-07-18,34,178788,15699
2020-07-19,34,178757,15706
2020-07-20,34,178937,15715
2020-03-22,36,15188,142
2020-03-23,36,20899,183
2020-03-24,36,25704,264
2020-03-25,36,33117,381
2020-03-26,36,39058,502
2020-03-27,36,44746,645
2020-03-28,36,53517,935
2020-03-29,36,59783,1180
2020-03-30,36,67504,1512
2020-03-31,36,76211,1929
2020-04-01,36,84364,2415
2020-04-02,36,93360,2963
2020-04-03,36,103689,3716
2020-04-04,36,115963,4535
2020-04-05,36,124085,5335
2020-04-06,36,133389,6149
2020-04-07,36,141703,7185
2020-04-08,36,151271,8138
2020-04-09,36,162036,9166
2020-04-10,36,172830,10162
2020-04-11,36,182990,11159
2020-04-12,36,191425,12116
2020-04-13,36,197973,12998
2020-04-14,36,205375,14001
2020-04-15,36,217130,14937
2020-04-16,36,225761,15669
2020-04-17,36,233293,16473
2020-04-18,36,240542,17141
2020-04-19,36,246741,17793
2020-04-20,36,251608,18412
2020-04-21,36,255932,19040
2020-04-22,36,261591,19647
2020-04-23,36,267932,20212
2020-04-24,36,276218,20759
2020-04-25,36,286901,21326
2020-04-26,36,292914,21804
2020-04-27,36,296991,22267
2020-04-28,36,300276,22777
2020-04-29,36,304994,23287
2020-04-30,36,309696,23616
2020-05-01,36,313575,23841
2020-05-02,36,318134,24035
2020-05-03,36,321833,24576
2020-05-04,36,324357,24788
2020-05-05,36,326659,25028
2020-05-06,36,329405,25956
2020-05-07,36,332931,26206
2020-05-08,36,335804,26358
2020-05-09,36,338519,26584
2020-05-10,36,340657,26798
2020-05-11,36,342267,27003
2020-05-12,36,343705,27282
2020-05-13,36,345828,27448
2020-05-14,36,348192,27617
2020-05-15,36,350951,27755
2020-05-16,36,353136,27953
2020-05-17,36,355037,28168
2020-05-18,36,356278,28302
2020-05-19,36,357757,28437
2020-05-20,36,359235,28540
2020-05-21,36,361313,28663
2020-05-22,36,362991,28802
2020-05-23,36,364745,28900
2020-05-24,36,366346,29046
2020-05-25,36,367625,29138
2020-05-26,36,368669,29241
2020-05-27,36,369801,29339
2020-05-28,36,371559,29438
2020-05-29,36,373108,29535
2020-05-30,36,374471,29612
2020-05-31,36,375575,29699
2020-06-01,36,376520,29766
2020-06-02,36,377881,29847
2020-06-03,36,378924,29918
2020-06-04,36,379977,30011
2020-06-05,36,381019,30066
2020-06-06,36,382102,30123
2020-06-07,36,382879,30183
2020-06-08,36,383591,30239
2020-06-09,36,384281,30309
2020-06-10,36,384945,30376
2020-06-11,36,385669,30431
2020-06-12,36,386490,30511
2020-06-13,36,387402,30565
2020-06-14,36,388096,30605
2020-06-15,36,388719,30645
2020-06-16,36,389349,30683
2020-06-17,36,389910,30722
2020-06-18,36,390536,30767
2020-06-19,36,391330,30816
2020-06-20,36,392037,30839
2020-06-21,36,392702,30884
2020-06-22,36,393257,30934
2020-06-23,36,393855,30970
2020-06-24,36,394430,31001
2020-06-25,36,395168,31029
2020-06-26,36,395972,31075
2020-06-27,36,396669,31105
2020-06-28,36,397293,31137
2020-06-29,36,397684,31143
2020-06-30,36,398142,31776
2020-07-01,36,398770,31791
2020-07-02,36,399642,31814
2020-07-03,36,400561,31836
2020-07-04,36,401286,31860
2020-07-05,36,401822,31895
2020-07-06,36,402338,31911
2020-07-07,36,402928,31934
2020-07-08,36,403619,31945
2020-07-09,36,404207,31979
2020-07-10,36,404997,32004
2020-07-11,36,405724,32019
2020-07-12,36,406403,32029
2020-07-13,36,406962,32075
2020-07-14,36,407875,32092
2020-07-15,36,408709,32115
2020-07-16,36,409476,32133
2020-07-17,36,410254,32147
2020-07-18,36,411006,32167
2020-07-19,36,411515,32187
2020-07-20,36,412034,32203
2020-03-22,42,504,3
2020-03-23,42,644,6
2020-03-24,42,851,8
2020-03-25,42,1151,12
2020-03-26,42,1690,16
2020-03-27,42,2217,23
2020-03-28,42,2815,35
2020-03-29,42,3441,40
2020-03-30,42,4156,48
2020-03-31,42,4997,72
2020-04-01,42,5805,78
2020-04-02,42,7021,91
2020-04-03,42,8420,102
2020-04-04,42,10110,140
2020-04-05,42,11590,159
2020-04-06,42,13075,170
2020-04-07,42,14582,241
2020-04-08,42,16414,313
2020-04-09,42,18379,344
2020-04-10,42,20128,435
2020-04-11,42,21774,515
2020-04-12,42,22955,525
2020-04-13,42,24295,563
2020-04-14,42,25591,746
2020-04-15,42,26804,833
2020-04-16,42,28314,940
2020-04-17,42,30121,1027
2020-04-18,42,31742,1150
2020-04-19,42,32992,1285
2020-04-20,42,34005,1366
2020-04-21,42,35384,1620
2020-04-22,42,36763,1720
2020-04-23,42,38334,1723
2020-04-24,42,40298,1786
2020-04-25,42,41626,1842
2020-04-26,42,42709,1871
2020-04-27,42,43728,1946
2020-04-28,42,45323,2092
2020-04-29,42,46191,2392
2020-04-30,42,48224,2580
2020-05-01,42,49764,2671
2020-05-02,42,51071,2794
2020-05-03,42,52079,2843
2020-05-04,42,52992,2880
2020-05-05,42,53967,3206
2020-05-06,42,54989,3360
2020-05-07,42,56149,3599
2020-05-08,42,57501,3724
2020-05-09,42,58661,3793
2020-05-10,42,60037,3819
2020-05-11,42,60557,3846
2020-05-12,42,61407,3924
2020-05-13,42,62194,4104
2020-05-14,42,63158,4298
2020-05-15,42,64178,4432
2020-05-16,42,65228,4490
2020-05-17,42,65745,4504
2020-05-18,42,66676,4560
2020-05-19,42,67404,4675
2020-05-20,42,68151,4794
2020-05-21,42,69252,4887
2020-05-22,42,70305,5032
2020-05-23,42,71102,5121
2020-05-24,42,71656,5145
2020-05-25,42,72356,5159
2020-05-26,42,72873,5175
2020-05-27,42,73646,5290
2020-05-28,42,74312,5397
2020-05-29,42,75073,5467
2020-05-30,42,75789,5537
2020-05-31,42,76218,5555
2020-06-01,42,76734,5574
2020-06-02,42,77315,5670
2020-06-03,42,77871,5742
2020-06-04,42,78428,5862
2020-06-05,42,78908,5952
2020-06-06,42,79507,5986
2020-06-07,42,80001,5997
2020-06-08,42,80432,6007
2020-06-09,42,80964,6070
2020-06-10,42,81410,6143
2020-06-11,42,81944,6187
2020-06-12,42,82578,6229
2020-06-13,42,82988,6264
2020-06-14,42,83301,6275
2020-06-15,42,83687,6307
2020-06-16,42,84077,6337
2020-06-17,42,84387,6376
2020-06-18,42,84780,6417
2020-06-19,42,85288,6446
2020-06-20,42,85678,6467
2020-06-21,42,86024,6472
2020-06-22,42,86666,6475
2020-06-23,42,87283,6511
2020-06-24,42,87775,6568
2020-06-25,42,88230,6602
2020-06-26,42,88950,6625
2020-06-27,42,89400,6652
2020-06-28,42,89785,6655
2020-06-29,42,90553,6663
2020-06-30,42,91226,6695
2020-07-01,42,91864,6704
2020-07-02,42,92703,6758
2020-07-03,42,93418,6790
2020-07-04,42,93922,6793
2020-07-05,42,94403,6797
2020-07-06,42,95187,6798
2020-07-07,42,95986,6835
2020-07-08,42,96817,6864
2020-07-09,42,97634,6895
2020-07-10,42,98574,6929
2020-07-11,42,99252,6945
2020-07-12,42,99794,6950
2020-07-13,42,100378,6955
2020-07-14,42,101360,6973
2020-07-15,42,102361,7011
2020-07-16,42,103169,7039
2020-07-17,42,104172,7057
2020-07-18,42,104780,7068
2020-07-19,42,105384,7074
2020-07-20,42,106498,7076
2020-03-22,48,639,7
2020-03-23,48,728,7
2020-03-24,48,857,11
2020-03-25,48,1132,13
2020-03-26,48,1542,21
2020-03-27,48,1971,25
2020-03-28,48,2381,30
2020-03-29,48,2722,35
2020-03-30,48,3065,46
2020-03-31,48,3588,57
2020-04-01,48,4402,65
2020-04-02,48,4952,80
2020-04-03,48,5773,98
2020-04-04,48,6566,124
2020-04-05,48,7117,136
2020-04-06,48,8150,159
2020-04-07,48,8968,177
2020-04-08,48,9897,195
2020-04-09,48,11372,228
2020-04-10,48,12291,249
2020-04-11,48,13208,265
2020-04-12,48,13776,288
2020-04-13,48,14487,320
2020-04-14,48,15303,365
2020-04-15,48,16106,395
2020-04-16,48,16928,428
2020-04-17,48,18131,461
2020-04-18,48,18927,487
2020-04-19,48,19441,503
2020-04-20,48,20035,523
2020-04-21,48,20949,552
2020-04-22,48,21769,571
2020-04-23,48,22706,601
2020-04-24,48,23650,625
2020-04-25,48,24494,662
2020-04-26,48,25209,676
2020-04-27,48,25963,699
2020-04-28,48,26868,738
2020-04-29,48,27839,776
2020-04-30,48,29072,828
2020-05-01,48,30342,853
2020-05-02,48,31433,875
2020-05-03,48,32299,890
2020-05-04,48,33134,914
2020-05-05,48,34286,955
2020-05-06,48,35441,985
2020-05-07,48,36682,1016
2020-05-08,48,37943,1059
2020-05-09,48,38849,1086
2020-05-10,48,40037,1110
2020-05-11,48,40988,1137
2020-05-12,48,42348,1169
2020-05-13,48,43822,1205
2020-05-14,48,45169,1256
2020-05-15,48,46987,1300
2020-05-16,48,47866,1330
2020-05-17,48,48828,1356
2020-05-18,48,49788,1362
2020-05-19,48,51080,1405
2020-05-20,48,52369,1443
2020-05-21,48,53441,1480
2020-05-22,48,54369,1498
2020-05-23,48,55451,1522
2020-05-24,48,56050,1533
2020-05-25,48,56490,1536
2020-05-26,48,57573,1552
2020-05-27,48,59105,1598
2020-05-28,48,60820,1618
2020-05-29,48,62073,1645
2020-05-30,48,63396,1676
2020-05-31,48,64974,1683
2020-06-01,48,66081,1695
2020-06-02,48,67966,1732
2020-06-03,48,69546,1766
2020-06-04,48,71330,1793
2020-06-05,48,73323,1821
2020-06-06,48,75077,1840
2020-06-07,48,75948,1846
2020-06-08,48,77326,1856
2020-06-09,48,79271,1886
2020-06-10,48,81771,1916
2020-06-11,48,83772,1942
2020-06-12,48,86031,1965
2020-06-13,48,88120,1989
2020-06-14,48,89542,1995
2020-06-15,48,91726,2018
2020-06-16,48,95973,2057
2020-06-17,48,99466,2099
2020-06-18,48,102677,2137
2020-06-19,48,107322,2168
2020-06-20,48,111594,2186
2020-06-21,48,114886,2195
2020-06-22,48,119646,2213
2020-06-23,48,124726,2246
2020-06-24,48,131310,2292
2020-06-25,48,136783,2321
2020-06-26,48,142582,2362
2020-06-27,48,148639,2398
2020-06-28,48,152866,2408
2020-06-29,48,158756,2430
2020-06-30,48,166703,2482
2020-07-01,48,174826,2518
2020-07-02,48,182260,2562
2020-07-03,48,190049,2609
2020-07-04,48,195707,2646
2020-07-05,48,200137,2666
2020-07-06,48,209350,2726
2020-07-07,48,219164,2816
2020-07-08,48,229116,2935
2020-07-09,48,240025,3037
2020-07-10,48,249948,3129
2020-07-11,48,258280,3206
2020-07-12,48,264811,3246
2020-07-13,48,273732,3313
2020-07-14,48,284638,3449
2020-07-15,48,296478,3590
2020-07-16,48,311516,3744
2020-07-17,48,321254,3889
2020-07-18,48,330059,3972
2020-07-19,48,338036,4033
2020-07-20,48,345672,4160
2020-03-22,51,219,6
2020-03-23,51,254,6
2020-03-24,51,291,7
2020-03-25,51,390,9
2020-03-26,51,603,14
2020-03-27,51,605,14
2020-03-28,51,739,17
2020-03-29,51,889,22
2020-03-30,51,1020,26
2020-03-31,51,1249,27
2020-04-01,51,1511,18
2020-04-02,51,1706,18
2020-04-03,51,2011,46
2020-04-04,51,2408,52
2020-04-05,51,2636,52
2020-04-06,51,2877,54
2020-04-07,51,3332,69
2020-04-08,51,3644,60
2020-04-09,51,4041,109
2020-04-10,51,4509,121
2020-04-11,51,5076,130
2020-04-12,51,5273,141
2020-04-13,51,5746,149
2020-04-14,51,6173,154
2020-04-15,51,6502,195
2020-04-16,51,6891,208
2020-04-17,51,7492,238
2020-04-18,51,8053,258
2020-04-19,51,8536,277
2020-04-20,51,8989,300
2020-04-21,51,9629,325
2020-04-22,51,10265,349
2020-04-23,51,10999,375
2020-04-24,51,11595,413
2020-04-25,51,12365,436
2020-04-26,51,12969,448
2020-04-27,51,13534,458
2020-04-28,51,14338,492
2020-04-29,51,14961,522
2020-04-30,51,15846,552
2020-05-01,51,16901,581
2020-05-02,51,17731,616
2020-05-03,51,18671,660
2020-05-04,51,19492,684
2020-05-05,51,20256,713
2020-05-06,51,20256,713
2020-05-07,51,21570,769
2020-05-08,51,22342,812
2020-05-09,51,23196,827
2020-05-10,51,24081,839
2020-05-11,51,25070,850
2020-05-12,51,25800,891
2020-05-13,51,26746,927
2020-05-14,51,27813,955
2020-05-15,51,28672,977
2020-05-16,51,29683,1002
2020-05-17,51,30388,1009
2020-05-18,51,31140,1014
2020-05-19,51,32145,1041
2020-05-20,51,32908,1074
2020-05-21,51,34137,1099
2020-05-22,51,34950,1136
2020-05-23,51,35749,1159
2020-05-24,51,36244,1171
2020-05-25,51,37727,1208
2020-05-26,51,39342,1236
2020-05-27,51,40249,1281
2020-05-28,51,41401,1338
2020-05-29,51,42533,1358
2020-05-30,51,43611,1370
2020-05-31,51,44607,1375
2020-06-01,51,45398,1392
2020-06-02,51,46239,1407
2020-06-03,51,46905,1428
2020-06-04,51,47856,1445
2020-06-05,51,48532,1453
2020-06-06,51,49397,1460
2020-06-07,51,50681,1472
2020-06-08,51,51251,1477
2020-06-09,51,51738,1496
2020-06-10,51,52177,1514
2020-06-11,51,52647,1520
2020-06-12,51,53211,1534
2020-06-13,51,53869,1541
2020-06-14,51,54506,1546
2020-06-15,51,54886,1552
2020-06-16,51,55331,1570
2020-06-17,51,55775,1583
2020-06-18,51,56238,1586
2020-06-19,51,56793,1602
2020-06-20,51,57443,1607
2020-06-21,51,57994,1611
2020-06-22,51,58465,1620
2020-06-23,51,58994,1645
2020-06-24,51,59514,1661
2020-06-25,51,59946,1675
2020-06-26,51,60570,1700
2020-06-27,51,61247,1724
2020-06-28,51,61736,1732
2020-06-29,51,62189,1740
2020-06-30,51,62787,1763
2020-07-01,51,63203,1786
2020-07-02,51,63735,1816
2020-07-03,51,64393,1845
2020-07-04,51,65109,1849
2020-07-05,51,65748,1853
2020-07-06,51,66102,1853
2020-07-07,51,66740,1881
2020-07-08,51,67375,1905
2020-07-09,51,67988,1937
2020-07-10,51,68931,1958
2020-07-11,51,69782,1962
2020-07-12,51,70670,1966
2020-07-13,51,71642,1968
2020-07-14,51,72443,1977
2020-07-15,51,73527,1992
2020-07-16,51,74431,2007
2020-07-17,51,75433,2013
2020-07-18,51,76373,2025
2020-07-19,51,77430,2027
2020-07-20,51,78375,2031
