date,f1,f2,f3,f4,f5,f6,fips
2020-03-23,-41,-18,-28.0,-52.0,-49,21,6
2020-03-24,-42,-18,-31.0,-52.0,-50,22,6
2020-03-25,-42,-19,-30.0,-52.0,-51,22,6
2020-03-26,-42,-18,-28.0,-53.0,-51,23,6
2020-03-27,-44,-17,-29.0,-54.0,-50,24,6
2020-03-28,-50,-20,-48.0,-53.0,-37,18,6
2020-03-29,-50,-24,-38.0,-54.0,-39,15,6
2020-03-30,-40,-20,-24.0,-53.0,-51,21,6
2020-03-31,-40,-18,-23.0,-52.0,-53,22,6
2020-04-01,-39,-14,-25.0,-51.0,-52,22,6
2020-04-02,-41,-15,-30.0,-54.0,-53,23,6
2020-04-03,-42,-12,-31.0,-53.0,-51,23,6
2020-04-04,-50,-18,-54.0,-54.0,-39,18,6
2020-04-05,-53,-27,-61.0,-59.0,-42,16,6
2020-04-06,-46,-23,-54.0,-60.0,-54,24,6
2020-04-07,-47,-23,-41.0,-57.0,-55,24,6
2020-04-08,-47,-22,-43.0,-58.0,-55,24,6
2020-04-09,-49,-24,-54.0,-62.0,-56,26,6
2020-04-10,-47,-19,-44.0,-59.0,-56,26,6
2020-04-11,-48,-14,-46.0,-53.0,-40,18,6
2020-04-12,-62,-34,-55.0,-58.0,-44,16,6
2020-04-13,-45,-25,-36.0,-55.0,-52,22,6
2020-04-14,-43,-21,-25.0,-52.0,-52,22,6
2020-04-15,-45,-17,-28.0,-51.0,-52,22,6
2020-04-16,-54,-16,-34.0,-53.0,-52,23,6
2020-04-17,-56,-17,-39.0,-54.0,-50,24,6
2020-04-18,-59,-18,-47.0,-50.0,-35,17,6
2020-04-19,-59,-21,-39.0,-52.0,-37,14,6
2020-04-20,-54,-19,-34.0,-53.0,-50,21,6
2020-04-21,-53,-17,-25.0,-52.0,-51,21,6
2020-04-22,-53,-16,-25.0,-52.0,-51,22,6
2020-04-23,-53,-15,-28.0,-52.0,-51,22,6
2020-04-24,-54,-14,-29.0,-52.0,-50,23,6
2020-04-25,-56,-13,-35.0,-47.0,-34,15,6
2020-04-26,-56,-17,-31.0,-50.0,-36,13,6
2020-04-27,-51,-15,-23.0,-51.0,-49,20,6
2020-04-28,-51,-14,-19.0,-49.0,-50,13,6
2020-04-29,-49,-15,-27.0,-50.0,-50,21,6
2020-04-30,-47,-12,-24.0,-50.0,-50,21,6
2020-05-01,-47,-9,-23.0,-48.0,-48,21,6
2020-05-02,-50,-8,-30.0,-43.0,-32,14,6
2020-05-03,-50,-12,-21.0,-45.0,-32,12,6
2020-05-04,-44,-10,-17.0,-48.0,-47,19,6
2020-05-05,-44,-6,-14.0,-46.0,-48,19,6
2020-05-06,-46,-10,-17.0,-47.0,-48,20,6
2020-05-07,-46,-8,-18.0,-48.0,-49,20,6
2020-05-08,-46,-5,-18.0,-46.0,-46,20,6
2020-05-09,-46,4,-23.0,-40.0,-29,12,6
2020-05-10,-47,0,-22.0,-40.0,-28,9,6
2020-05-11,-45,-14,-20.0,-48.0,-46,18,6
2020-05-12,-45,-10,-17.0,-46.0,-47,19,6
2020-05-13,-44,-10,-16.0,-46.0,-47,19,6
2020-05-14,-45,-10,-17.0,-47.0,-47,19,6
2020-05-15,-45,-9,-11.0,-46.0,-45,19,6
2020-05-16,-47,-7,-14.0,-41.0,-27,12,6
2020-05-17,-47,-13,-16.0,-44.0,-28,11,6
2020-05-18,-43,-13,-24.0,-49.0,-45,18,6
2020-05-19,-42,-9,-7.0,-46.0,-45,18,6
2020-05-20,-41,-7,-4.0,-45.0,-45,18,6
2020-05-21,-40,-6,-5.0,-45.0,-45,18,6
2020-05-22,-41,-4,-3.0,-43.0,-43,18,6
2020-05-23,-44,-3,-4.0,-38.0,-24,10,6
2020-05-24,-43,-6,13.0,-39.0,-26,8,6
2020-05-25,-43,-8,32.0,-51.0,-72,22,6
2020-05-26,-40,-8,-3.0,-44.0,-43,16,6
2020-05-27,-39,-8,-4.0,-44.0,-43,17,6
2020-05-28,-39,-7,-7.0,-44.0,-43,17,6
2020-05-29,-40,-8,-9.0,-43.0,-41,17,6
2020-05-30,-42,-7,-14.0,-38.0,-17,11,6
2020-05-31,-43,-13,-5.0,-40.0,-19,9,6
2020-06-01,-41,-12,-16.0,-45.0,-42,17,6
2020-06-02,-39,-6,-8.0,-44.0,-42,17,6
2020-06-03,-36,-3,-5.0,-43.0,-42,16,6
2020-06-04,-35,-3,-6.0,-43.0,-42,16,6
2020-06-05,-36,-5,-10.0,-42.0,-40,16,6
2020-06-06,-37,-4,-6.0,-35.0,-17,9,6
2020-06-07,-35,-7,7.0,-35.0,-18,8,6
2020-06-08,-32,-7,3.0,-41.0,-40,14,6
2020-06-09,-32,-4,10.0,-41.0,-40,15,6
2020-06-10,-31,-5,7.0,-41.0,-41,15,6
2020-06-11,-31,-5,4.0,-40.0,-41,15,6
2020-06-12,-32,-6,2.0,-39.0,-39,14,6
2020-06-13,-34,-4,7.0,-31.0,-15,7,6
2020-06-14,-32,-8,19.0,-31.0,-16,6,6
2020-06-15,-29,-8,7.0,-39.0,-39,13,6
2020-06-16,-29,-5,15.0,-38.0,-40,14,6
2020-06-17,-29,-6,12.0,-38.0,-41,14,6
2020-06-18,-28,-5,9.0,-39.0,-41,14,6
2020-06-19,-30,-4,9.0,-38.0,-40,12,6
2020-06-20,-31,1,6.0,-32.0,-14,7,6
2020-06-21,-32,-4,10.0,-34.0,-14,5,6
2020-06-22,-29,-11,8.0,-40.0,-42,13,6
2020-06-23,-29,-7,14.0,-38.0,-42,14,6
2020-06-24,-29,-8,9.0,-39.0,-41,14,6
2020-06-25,-29,-7,7.0,-39.0,-41,14,6
2020-06-26,-31,-7,7.0,-39.0,-40,14,6
2020-06-27,-33,-6,6.0,-32.0,-16,7,6
2020-06-28,-31,-11,8.0,-34.0,-14,6,6
2020-06-29,-26,-9,10.0,-39.0,-40,13,6
2020-06-30,-25,-7,15.0,-39.0,-41,13,6
2020-07-01,-24,-4,10.0,-38.0,-41,13,6
2020-07-02,-22,2,14.0,-36.0,-43,13,6
2020-07-03,-25,8,24.0,-40.0,-58,17,6
2020-07-04,-48,-5,-4.0,-41.0,-32,10,6
2020-07-05,-36,-17,-2.0,-37.0,-21,7,6
2020-07-06,-26,-7,11.0,-39.0,-44,14,6
2020-07-07,-27,-5,16.0,-38.0,-43,14,6
2020-07-08,-28,-6,12.0,-39.0,-42,14,6
2020-07-09,-28,-5,9.0,-40.0,-42,14,6
2020-07-10,-31,-6,6.0,-41.0,-41,14,6
2020-07-11,-33,-5,3.0,-35.0,-17,8,6
2020-07-12,-32,-9,11.0,-36.0,-18,7,6
2020-07-13,-27,-8,7.0,-41.0,-42,13,6
2020-07-14,-28,-6,14.0,-41.0,-43,14,6
2020-07-15,-29,-7,11.0,-41.0,-43,14,6
2020-07-16,-30,-7,10.0,-42.0,-43,15,6
2020-07-17,-31,-7,11.0,-41.0,-41,15,6
2020-07-18,-34,-6,9.0,-36.0,-19,8,6
2020-07-19,-32,-10,15.0,-37.0,-20,7,6
2020-07-20,-28,-10,13.0,-41.0,-43,14,6
2020-03-23,-47,-24,-46.0,-53.0,-45,21,9
2020-03-24,-43,-16,17.0,-46.0,-47,21,9
2020-03-25,-46,-19,-21.0,-51.0,-49,22,9
2020-03-26,-41,-14,55.0,-48.0,-48,21,9
2020-03-27,-42,-16,55.0,-51.0,-47,22,9
2020-03-28,-48,-20,29.0,-55.0,-35,15,9
2020-03-29,-56,-32,-52.0,-64.0,-38,15,9
2020-03-30,-43,-19,-6.0,-53.0,-49,21,9
2020-03-31,-42,-18,8.0,-51.0,-51,22,9
2020-04-01,-40,-11,28.0,-49.0,-51,21,9
2020-04-02,-44,-12,-3.0,-54.0,-51,23,9
2020-04-03,-46,-12,-35.0,-59.0,-52,26,9
2020-04-04,-47,-15,88.0,-53.0,-38,15,9
2020-04-05,-50,-26,23.0,-61.0,-38,13,9
2020-04-06,-39,-16,60.0,-52.0,-52,21,9
2020-04-07,-41,-16,42.0,-50.0,-53,22,9
2020-04-08,-46,-17,-3.0,-54.0,-54,23,9
2020-04-09,-48,-17,-32.0,-59.0,-55,25,9
2020-04-10,-45,-10,-10.0,-59.0,-62,28,9
2020-04-11,-44,-9,76.0,-54.0,-40,15,9
2020-04-12,-65,-50,25.0,-62.0,-45,13,9
2020-04-13,-57,-41,-52.0,-66.0,-56,26,9
2020-04-14,-39,-14,35.0,-50.0,-52,21,9
2020-04-15,-36,-14,20.0,-52.0,-52,22,9
2020-04-16,-40,-15,8.0,-53.0,-52,23,9
2020-04-17,-42,-18,5.0,-55.0,-51,24,9
2020-04-18,-51,-24,-12.0,-59.0,-38,17,9
2020-04-19,-41,-23,73.0,-55.0,-34,11,9
2020-04-20,-39,-19,17.0,-52.0,-50,21,9
2020-04-21,-46,-25,-28.0,-55.0,-52,24,9
2020-04-22,-40,-17,5.0,-51.0,-52,22,9
2020-04-23,-41,-18,1.0,-52.0,-51,22,9
2020-04-24,-45,-22,-33.0,-58.0,-51,26,9
2020-04-25,-37,-17,174.0,-44.0,-33,11,9
2020-04-26,-50,-29,-41.0,-63.0,-36,14,9
2020-04-27,-40,-20,-18.0,-54.0,-49,22,9
2020-04-28,-33,-14,55.0,-45.0,-50,14,9
2020-04-29,-37,-17,19.0,-48.0,-51,21,9
2020-04-30,-42,-18,-24.0,-55.0,-51,23,9
2020-05-01,-37,-14,11.0,-51.0,-48,23,9
2020-05-02,-32,-11,180.0,-39.0,-30,10,9
2020-05-03,-30,-13,116.0,-44.0,-28,8,9
2020-05-04,-30,-11,34.0,-48.0,-48,19,9
2020-05-05,-27,-5,46.0,-43.0,-48,18,9
2020-05-06,-35,-13,4.0,-47.0,-49,20,9
2020-05-07,-31,-8,63.0,-44.0,-48,19,9
2020-05-08,-37,-10,-6.0,-51.0,-47,22,9
2020-05-09,-35,1,37.0,-48.0,-30,12,9
2020-05-10,-29,-7,61.0,-46.0,-26,8,9
2020-05-11,-35,-18,7.0,-47.0,-46,19,9
2020-05-12,-30,-11,44.0,-42.0,-46,18,9
2020-05-13,-29,-11,58.0,-40.0,-46,18,9
2020-05-14,-29,-11,74.0,-40.0,-46,18,9
2020-05-15,-31,-13,61.0,-45.0,-45,20,9
2020-05-16,-29,-11,193.0,-36.0,-26,8,9
2020-05-17,-29,-15,94.0,-44.0,-24,8,9
2020-05-18,-26,-12,40.0,-43.0,-44,17,9
2020-05-19,-25,-8,53.0,-39.0,-44,17,9
2020-05-20,-21,-7,74.0,-34.0,-44,17,9
2020-05-21,-22,-6,84.0,-34.0,-44,17,9
2020-05-22,-23,-6,92.0,-35.0,-43,17,9
2020-05-23,-32,-10,43.0,-39.0,-25,11,9
2020-05-24,-20,-6,137.0,-33.0,-20,5,9
2020-05-25,-29,-14,94.0,-50.0,-74,23,9
2020-05-26,-23,-10,76.0,-33.0,-42,16,9
2020-05-27,-20,-8,87.0,-33.0,-42,15,9
2020-05-28,-24,-8,29.0,-37.0,-41,17,9
2020-05-29,-26,-11,44.0,-38.0,-40,18,9
2020-05-30,-21,-8,193.0,-26.0,-13,6,9
2020-05-31,-18,-10,125.0,-29.0,-11,5,9
2020-06-01,-14,-5,60.0,-33.0,-39,14,9
2020-06-02,-17,-4,52.0,-32.0,-40,15,9
2020-06-03,-15,-1,57.0,-31.0,-40,15,9
2020-06-04,-14,-1,96.0,-30.0,-39,14,9
2020-06-05,-20,-6,33.0,-36.0,-39,16,9
2020-06-06,-17,-5,169.0,-25.0,-13,6,9
2020-06-07,-13,-6,141.0,-27.0,-12,4,9
2020-06-08,-10,-3,100.0,-29.0,-38,13,9
2020-06-09,-11,-2,95.0,-28.0,-38,13,9
2020-06-10,-11,-2,91.0,-27.0,-39,13,9
2020-06-11,-20,-6,15.0,-33.0,-39,16,9
2020-06-12,-14,-2,113.0,-26.0,-37,13,9
2020-06-13,-14,-2,234.0,-14.0,-10,4,9
2020-06-14,-12,-6,146.0,-17.0,-9,3,9
2020-06-15,-8,-2,96.0,-25.0,-37,12,9
2020-06-16,-8,0,102.0,-23.0,-38,12,9
2020-06-17,-7,0,108.0,-23.0,-38,12,9
2020-06-18,-8,1,98.0,-25.0,-38,12,9
2020-06-19,-12,0,109.0,-24.0,-37,10,9
2020-06-20,-11,5,218.0,-14.0,-10,2,9
2020-06-21,-10,-1,134.0,-18.0,-7,1,9
2020-06-22,-7,-4,100.0,-25.0,-40,11,9
2020-06-23,-7,-1,97.0,-24.0,-39,11,9
2020-06-24,-8,-2,90.0,-25.0,-38,12,9
2020-06-25,-8,0,109.0,-22.0,-37,11,9
2020-06-26,-13,-4,109.0,-23.0,-37,11,9
2020-06-27,-18,-8,119.0,-18.0,-13,5,9
2020-06-28,-13,-9,104.0,-20.0,-7,4,9
2020-06-29,-9,-6,68.0,-25.0,-37,12,9
2020-06-30,-8,-3,50.0,-25.0,-38,12,9
2020-07-01,-6,1,67.0,-20.0,-38,12,9
2020-07-02,3,10,138.0,-13.0,-39,9,9
2020-07-03,-8,12,62.0,-26.0,-59,18,9
2020-07-04,-31,-8,247.0,-24.0,-29,3,9
2020-07-05,-15,-13,145.0,-10.0,-13,2,9
2020-07-06,-4,-2,111.0,-20.0,-41,11,9
2020-07-07,-8,-2,78.0,-23.0,-40,11,9
2020-07-08,-10,-4,66.0,-25.0,-39,12,9
2020-07-09,-7,-1,117.0,-22.0,-37,11,9
2020-07-10,-18,-6,27.0,-30.0,-38,14,9
2020-07-11,-13,-5,166.0,-16.0,-11,4,9
2020-07-12,-9,-8,167.0,-13.0,-8,2,9
2020-07-13,-6,-3,102.0,-23.0,-38,10,9
2020-07-14,-6,-2,106.0,-22.0,-38,10,9
2020-07-15,-6,-1,113.0,-21.0,-37,10,9
2020-07-16,-6,-1,122.0,-21.0,-37,10,9
2020-07-17,-13,-3,61.0,-24.0,-37,12,9
2020-07-18,-13,-5,241.0,-9.0,-11,2,9
2020-07-19,-11,-9,147.0,-14.0,-11,2,9
2020-07-20,-7,-4,97.0,-24.0,-39,11,9
2020-03-23,-37,-12,-33.0,-46.0,-36,15,12
2020-03-24,-38,-12,-33.0,-46.0,-39,16,12
2020-03-25,-38,-13,-33.0,-48.0,-40,17,12
2020-03-26,-40,-14,-34.0,-51.0,-42,18,12
2020-03-27,-44,-17,-38.0,-55.0,-43,20,12
2020-03-28,-49,-23,-48.0,-59.0,-36,14,12
2020-03-29,-50,-26,-48.0,-63.0,-41,13,12
2020-03-30,-42,-22,-42.0,-55.0,-43,17,12
2020-03-31,-42,-20,-46.0,-52.0,-45,19,12
2020-04-01,-37,-11,-41.0,-53.0,-45,18,12
2020-04-02,-39,-11,-42.0,-55.0,-46,19,12
2020-04-03,-47,-19,-49.0,-59.0,-48,22,12
2020-04-04,-53,-25,-57.0,-64.0,-40,16,12
2020-04-05,-57,-33,-70.0,-70.0,-45,15,12
2020-04-06,-47,-25,-50.0,-59.0,-48,19,12
2020-04-07,-46,-23,-46.0,-56.0,-49,20,12
2020-04-08,-46,-23,-45.0,-57.0,-49,20,12
2020-04-09,-46,-21,-46.0,-58.0,-50,21,12
2020-04-10,-47,-20,-48.0,-61.0,-53,23,12
2020-04-11,-49,-20,-54.0,-65.0,-40,15,12
2020-04-12,-66,-49,-63.0,-69.0,-50,15,12
2020-04-13,-47,-24,-53.0,-59.0,-47,19,12
2020-04-14,-46,-23,-52.0,-56.0,-48,20,12
2020-04-15,-42,-21,-53.0,-56.0,-47,20,12
2020-04-16,-44,-22,-56.0,-57.0,-48,21,12
2020-04-17,-44,-21,-47.0,-58.0,-47,21,12
2020-04-18,-49,-25,-60.0,-62.0,-38,15,12
2020-04-19,-48,-23,-52.0,-64.0,-40,13,12
2020-04-20,-44,-25,-54.0,-58.0,-46,19,12
2020-04-21,-41,-20,-43.0,-53.0,-46,19,12
2020-04-22,-41,-20,-40.0,-54.0,-46,19,12
2020-04-23,-43,-21,-47.0,-55.0,-47,20,12
2020-04-24,-47,-25,-60.0,-60.0,-47,23,12
2020-04-25,-45,-19,-52.0,-59.0,-36,13,12
2020-04-26,-47,-23,-52.0,-63.0,-40,12,12
2020-04-27,-38,-19,-39.0,-54.0,-44,17,12
2020-04-28,-38,-17,-39.0,-50.0,-45,13,12
2020-04-29,-38,-18,-36.0,-51.0,-45,18,12
2020-04-30,-40,-19,-47.0,-53.0,-46,19,12
2020-05-01,-36,-13,-27.0,-51.0,-43,18,12
2020-05-02,-40,-14,-31.0,-53.0,-32,11,12
2020-05-03,-40,-14,-30.0,-58.0,-35,10,12
2020-05-04,-32,-15,-30.0,-50.0,-41,15,12
2020-05-05,-31,-10,-29.0,-48.0,-41,16,12
2020-05-06,-33,-14,-26.0,-49.0,-41,16,12
2020-05-07,-33,-12,-23.0,-48.0,-41,16,12
2020-05-08,-33,-9,-20.0,-48.0,-40,17,12
2020-05-09,-33,-3,-26.0,-49.0,-28,9,12
2020-05-10,-35,-10,-51.0,-56.0,-31,9,12
2020-05-11,-31,-16,-28.0,-48.0,-39,14,12
2020-05-12,-30,-12,-24.0,-45.0,-39,15,12
2020-05-13,-29,-13,-21.0,-47.0,-39,15,12
2020-05-14,-31,-13,-29.0,-48.0,-39,13,12
2020-05-15,-33,-14,-34.0,-50.0,-39,17,12
2020-05-16,-32,-12,-28.0,-50.0,-26,9,12
2020-05-17,-33,-15,-20.0,-53.0,-28,9,12
2020-05-18,-31,-18,-42.0,-50.0,-37,14,12
2020-05-19,-26,-10,-27.0,-46.0,-37,14,12
2020-05-20,-25,-12,-20.0,-45.0,-37,14,12
2020-05-21,-26,-11,-22.0,-44.0,-37,14,12
2020-05-22,-26,-8,-16.0,-43.0,-36,14,12
2020-05-23,-28,-9,-17.0,-46.0,-22,7,12
2020-05-24,-30,-14,-26.0,-53.0,-27,8,12
2020-05-25,-34,-23,-40.0,-58.0,-68,22,12
2020-05-26,-27,-12,-34.0,-44.0,-35,14,12
2020-05-27,-24,-11,-20.0,-43.0,-35,13,12
2020-05-28,-24,-11,-25.0,-43.0,-34,13,12
2020-05-29,-24,-9,-20.0,-43.0,-33,14,12
2020-05-30,-26,-10,-16.0,-43.0,-15,7,12
2020-05-31,-26,-12,-13.0,-47.0,-19,7,12
2020-06-01,-21,-9,-24.0,-42.0,-33,11,12
2020-06-02,-22,-8,-25.0,-41.0,-33,12,12
2020-06-03,-22,-11,-30.0,-43.0,-34,13,12
2020-06-04,-24,-12,-38.0,-43.0,-34,14,12
2020-06-05,-23,-10,-27.0,-43.0,-33,13,12
2020-06-06,-28,-14,-48.0,-48.0,-18,8,12
2020-06-07,-27,-14,-40.0,-49.0,-21,8,12
2020-06-08,-22,-12,-25.0,-42.0,-32,11,12
2020-06-09,-20,-10,-20.0,-41.0,-32,12,12
2020-06-10,-20,-11,-15.0,-41.0,-33,11,12
2020-06-11,-20,-10,-14.0,-39.0,-33,11,12
2020-06-12,-20,-8,-3.0,-39.0,-32,11,12
2020-06-13,-23,-9,-9.0,-40.0,-14,5,12
2020-06-14,-22,-11,-10.0,-42.0,-17,5,12
2020-06-15,-19,-10,-13.0,-39.0,-32,10,12
2020-06-16,-18,-7,-4.0,-38.0,-32,11,12
2020-06-17,-19,-9,-5.0,-39.0,-33,11,12
2020-06-18,-20,-10,-15.0,-38.0,-33,11,12
2020-06-19,-21,-7,-13.0,-39.0,-34,10,12
2020-06-20,-21,-3,-6.0,-39.0,-15,5,12
2020-06-21,-21,-7,-8.0,-41.0,-17,4,12
2020-06-22,-21,-12,-13.0,-38.0,-35,10,12
2020-06-23,-20,-9,-11.0,-38.0,-35,11,12
2020-06-24,-20,-10,-8.0,-38.0,-34,11,12
2020-06-25,-21,-9,-10.0,-37.0,-34,11,12
2020-06-26,-24,-9,-10.0,-39.0,-34,12,12
2020-06-27,-26,-10,-13.0,-40.0,-17,6,12
2020-06-28,-26,-12,-15.0,-42.0,-17,6,12
2020-06-29,-21,-11,-17.0,-39.0,-35,11,12
2020-06-30,-20,-9,-16.0,-39.0,-35,11,12
2020-07-01,-19,-9,-16.0,-37.0,-35,11,12
2020-07-02,-16,-4,-10.0,-34.0,-37,11,12
2020-07-03,-19,0,-6.0,-42.0,-53,16,12
2020-07-04,-38,-15,-25.0,-52.0,-30,8,12
2020-07-05,-31,-21,-36.0,-45.0,-24,7,12
2020-07-06,-22,-13,-27.0,-39.0,-39,12,12
2020-07-07,-22,-10,-19.0,-38.0,-37,12,12
2020-07-08,-22,-12,-14.0,-39.0,-36,12,12
2020-07-09,-22,-10,-12.0,-39.0,-36,12,12
2020-07-10,-25,-12,-19.0,-42.0,-37,13,12
2020-07-11,-28,-13,-26.0,-44.0,-18,7,12
2020-07-12,-26,-13,-19.0,-44.0,-21,7,12
2020-07-13,-22,-12,-19.0,-41.0,-37,11,12
2020-07-14,-23,-11,-20.0,-41.0,-37,12,12
2020-07-15,-23,-13,-21.0,-42.0,-36,12,12
2020-07-16,-22,-10,-15.0,-41.0,-37,12,12
2020-07-17,-25,-13,-20.0,-43.0,-37,13,12
2020-07-18,-28,-14,-26.0,-46.0,-20,7,12
2020-07-19,-26,-14,-16.0,-45.0,-22,6,12
2020-07-20,-23,-14,-20.0,-42.0,-37,11,12
2020-03-23,-35,-6,-40.0,-43.0,-38,16,13
2020-03-24,-35,-6,-23.0,-40.0,-41,18,13
2020-03-25,-33,-8,19.0,-39.0,-42,17,13
2020-03-26,-34,-8,3.0,-43.0,-43,18,13
2020-03-27,-35,-9,33.0,-45.0,-42,18,13
2020-03-28,-39,-10,14.0,-43.0,-28,12,13
2020-03-29,-42,-17,-2.0,-52.0,-37,11,13
2020-03-30,-34,-10,2.0,-47.0,-44,16,13
2020-03-31,-37,-11,-36.0,-46.0,-47,20,13
2020-04-01,-30,1,-5.0,-44.0,-47,18,13
2020-04-02,-29,11,-15.0,-46.0,-47,19,13
2020-04-03,-37,0,4.0,-50.0,-48,20,13
2020-04-04,-50,-18,-18.0,-53.0,-36,16,13
2020-04-05,-50,-22,-13.0,-59.0,-42,13,13
2020-04-06,-40,-15,-3.0,-52.0,-50,19,13
2020-04-07,-40,-14,-18.0,-50.0,-51,21,13
2020-04-08,-39,-14,-6.0,-49.0,-52,20,13
2020-04-09,-37,-10,-10.0,-51.0,-51,21,13
2020-04-10,-37,-9,13.0,-53.0,-54,22,13
2020-04-11,-40,-5,3.0,-53.0,-36,13,13
2020-04-12,-63,-42,-57.0,-65.0,-49,14,13
2020-04-13,-38,-16,-6.0,-52.0,-48,18,13
2020-04-14,-34,-12,0.0,-48.0,-47,19,13
2020-04-15,-27,-8,-2.0,-46.0,-48,18,13
2020-04-16,-30,-9,-6.0,-48.0,-47,20,13
2020-04-17,-33,-12,27.0,-49.0,-46,19,13
2020-04-18,-36,-10,9.0,-47.0,-31,12,13
2020-04-19,-50,-27,-58.0,-62.0,-42,14,13
2020-04-20,-31,-12,-4.0,-51.0,-46,18,13
2020-04-21,-30,-9,6.0,-47.0,-46,19,13
2020-04-22,-30,-11,11.0,-46.0,-47,18,13
2020-04-23,-40,-19,-50.0,-53.0,-49,23,13
2020-04-24,-31,-10,22.0,-48.0,-45,18,13
2020-04-25,-32,-8,20.0,-45.0,-28,11,13
2020-04-26,-34,-11,4.0,-53.0,-36,10,13
2020-04-27,-25,-8,14.0,-47.0,-43,16,13
2020-04-28,-24,-6,15.0,-43.0,-45,12,13
2020-04-29,-27,-9,-19.0,-45.0,-45,18,13
2020-04-30,-23,-4,-15.0,-44.0,-45,18,13
2020-05-01,-21,-2,45.0,-41.0,-43,15,13
2020-05-02,-23,-1,46.0,-36.0,-25,8,13
2020-05-03,-26,-4,39.0,-47.0,-30,8,13
2020-05-04,-18,-3,19.0,-43.0,-41,14,13
2020-05-05,-16,3,10.0,-40.0,-42,15,13
2020-05-06,-18,-2,17.0,-40.0,-42,15,13
2020-05-07,-18,-1,11.0,-41.0,-42,16,13
2020-05-08,-23,-4,1.0,-43.0,-41,16,13
2020-05-09,-17,11,29.0,-35.0,-21,7,13
2020-05-10,-20,5,34.0,-44.0,-27,5,13
2020-05-11,-19,-4,24.0,-42.0,-39,14,13
2020-05-12,-17,-1,24.0,-39.0,-39,15,13
2020-05-13,-16,-2,32.0,-39.0,-40,14,13
2020-05-14,-17,-2,21.0,-40.0,-40,15,13
2020-05-15,-19,-3,60.0,-39.0,-39,13,13
2020-05-16,-20,-1,59.0,-34.0,-19,7,13
2020-05-17,-21,-5,46.0,-42.0,-25,6,13
2020-05-18,-18,-6,-3.0,-42.0,-38,14,13
2020-05-19,-13,1,26.0,-38.0,-38,14,13
2020-05-20,-15,-4,-1.0,-38.0,-39,15,13
2020-05-21,-13,1,19.0,-36.0,-38,14,13
2020-05-22,-16,-1,51.0,-33.0,-38,13,13
2020-05-23,-18,2,62.0,-31.0,-18,5,13
2020-05-24,-19,-3,58.0,-43.0,-26,5,13
2020-05-25,-23,-4,67.0,-51.0,-70,20,13
2020-05-26,-17,-3,1.0,-38.0,-38,14,13
2020-05-27,-17,-6,-4.0,-38.0,-38,14,13
2020-05-28,-14,-1,11.0,-37.0,-37,14,13
2020-05-29,-16,-4,44.0,-38.0,-36,13,13
2020-05-30,-17,-1,58.0,-33.0,-9,5,13
2020-05-31,-17,-3,59.0,-40.0,-17,5,13
2020-06-01,-10,1,44.0,-40.0,-35,10,13
2020-06-02,-10,2,40.0,-38.0,-35,12,13
2020-06-03,-8,2,48.0,-37.0,-36,11,13
2020-06-04,-11,1,23.0,-38.0,-36,12,13
2020-06-05,-15,-2,47.0,-37.0,-36,12,13
2020-06-06,-15,-1,61.0,-31.0,-12,5,13
2020-06-07,-16,-4,55.0,-38.0,-19,5,13
2020-06-08,-12,-2,33.0,-40.0,-34,11,13
2020-06-09,-11,-1,28.0,-37.0,-35,12,13
2020-06-10,-11,-3,16.0,-37.0,-36,12,13
2020-06-11,-9,2,44.0,-35.0,-35,11,13
2020-06-12,-13,-3,76.0,-34.0,-35,10,13
2020-06-13,-13,1,84.0,-27.0,-9,3,13
2020-06-14,-15,-5,60.0,-35.0,-17,4,13
2020-06-15,-11,-2,40.0,-36.0,-34,10,13
2020-06-16,-9,1,50.0,-35.0,-35,11,13
2020-06-17,-7,0,60.0,-33.0,-35,10,13
2020-06-18,-8,1,41.0,-32.0,-35,11,13
2020-06-19,-11,1,82.0,-32.0,-35,7,13
2020-06-20,-11,6,81.0,-25.0,-10,2,13
2020-06-21,-14,0,50.0,-35.0,-18,2,13
2020-06-22,-13,-5,27.0,-34.0,-37,10,13
2020-06-23,-10,1,28.0,-34.0,-37,12,13
2020-06-24,-10,-3,25.0,-33.0,-36,11,13
2020-06-25,-10,0,27.0,-32.0,-36,11,13
2020-06-26,-13,-3,75.0,-31.0,-35,10,13
2020-06-27,-15,-3,55.0,-24.0,-12,4,13
2020-06-28,-14,-4,55.0,-31.0,-15,4,13
2020-06-29,-10,-2,46.0,-34.0,-36,10,13
2020-06-30,-8,0,23.0,-32.0,-37,11,13
2020-07-01,-3,3,41.0,-28.0,-38,10,13
2020-07-02,-1,9,37.0,-25.0,-39,10,13
2020-07-03,-6,12,106.0,-32.0,-57,13,13
2020-07-04,-32,-5,64.0,-41.0,-31,6,13
2020-07-05,-20,-12,47.0,-30.0,-23,4,13
2020-07-06,-12,-4,20.0,-32.0,-41,11,13
2020-07-07,-12,-2,22.0,-32.0,-39,13,13
2020-07-08,-9,-2,41.0,-31.0,-38,11,13
2020-07-09,-10,-1,21.0,-32.0,-38,12,13
2020-07-10,-13,-4,68.0,-31.0,-37,10,13
2020-07-11,-14,-2,67.0,-25.0,-12,4,13
2020-07-12,-16,-6,49.0,-32.0,-19,5,13
2020-07-13,-10,-1,48.0,-34.0,-38,10,13
2020-07-14,-9,-1,41.0,-33.0,-39,12,13
2020-07-15,-8,-1,38.0,-31.0,-38,11,13
2020-07-16,-10,0,31.0,-32.0,-38,11,13
2020-07-17,-13,-3,69.0,-31.0,-38,10,13
2020-07-18,-15,-3,58.0,-25.0,-14,4,13
2020-07-19,-15,-4,51.0,-31.0,-21,4,13
2020-07-20,-12,-3,39.0,-33.0,-38,10,13
2020-03-23,-50,-21,-29.0,-55.0,-50,21,17
2020-03-24,-47,-17,-11.0,-53.0,-50,22,17
2020-03-25,-43,-13,29.0,-50.0,-50,21,17
2020-03-26,-47,-15,-28.0,-55.0,-50,22,17
2020-03-27,-48,-14,-27.0,-53.0,-50,23,17
2020-03-28,-53,-17,-35.0,-50.0,-35,15,17
2020-03-29,-53,-24,-29.0,-55.0,-39,13,17
2020-03-30,-43,-15,-5.0,-54.0,-50,20,17
2020-03-31,-44,-15,-30.0,-54.0,-52,22,17
2020-04-01,-41,-7,4.0,-50.0,-52,21,17
2020-04-02,-42,-8,15.0,-52.0,-52,22,17
2020-04-03,-43,-7,13.0,-49.0,-51,22,17
2020-04-04,-51,-10,-23.0,-49.0,-36,15,17
2020-04-05,-50,-16,24.0,-52.0,-39,12,17
2020-04-06,-44,-14,-4.0,-54.0,-52,20,17
2020-04-07,-41,-10,35.0,-50.0,-53,21,17
2020-04-08,-44,-13,-5.0,-53.0,-53,22,17
2020-04-09,-44,-8,-26.0,-55.0,-53,23,17
2020-04-10,-44,-3,-5.0,-53.0,-58,24,17
2020-04-11,-46,-1,10.0,-46.0,-38,14,17
2020-04-12,-64,-34,5.0,-55.0,-45,13,17
2020-04-13,-46,-19,-31.0,-56.0,-52,21,17
2020-04-14,-45,-18,-28.0,-54.0,-52,22,17
2020-04-15,-41,-13,-33.0,-53.0,-52,22,17
2020-04-16,-40,-8,-16.0,-52.0,-51,22,17
2020-04-17,-47,-18,-41.0,-55.0,-51,24,17
2020-04-18,-42,-7,21.0,-40.0,-32,13,17
2020-04-19,-43,-16,53.0,-48.0,-36,11,17
2020-04-20,-37,-14,13.0,-51.0,-50,19,17
2020-04-21,-38,-12,0.0,-51.0,-51,20,17
2020-04-22,-40,-12,-10.0,-51.0,-51,21,17
2020-04-23,-41,-10,-12.0,-52.0,-50,22,17
2020-04-24,-42,-13,-12.0,-50.0,-50,22,17
2020-04-25,-48,-14,-43.0,-48.0,-34,15,17
2020-04-26,-39,-11,70.0,-43.0,-35,10,17
2020-04-27,-37,-13,-5.0,-51.0,-49,20,17
2020-04-28,-36,-11,10.0,-49.0,-50,14,17
2020-04-29,-41,-15,-48.0,-54.0,-51,22,17
2020-04-30,-35,-3,-4.0,-49.0,-50,21,17
2020-05-01,-34,-5,33.0,-42.0,-48,19,17
2020-05-02,-35,-2,85.0,-28.0,-28,9,17
2020-05-03,-35,-9,85.0,-39.0,-31,9,17
2020-05-04,-33,-9,-6.0,-49.0,-48,18,17
2020-05-05,-34,-6,-28.0,-51.0,-49,20,17
2020-05-06,-32,-4,30.0,-44.0,-48,19,17
2020-05-07,-32,-1,35.0,-45.0,-48,19,17
2020-05-08,-36,-3,-2.0,-45.0,-47,20,17
2020-05-09,-32,13,54.0,-30.0,-26,9,17
2020-05-10,-38,-3,-26.0,-44.0,-31,9,17
2020-05-11,-36,-12,-1.0,-48.0,-47,18,17
2020-05-12,-32,-7,35.0,-45.0,-47,18,17
2020-05-13,-31,-5,30.0,-43.0,-47,18,17
2020-05-14,-37,-9,-6.0,-50.0,-48,20,17
2020-05-15,-34,-6,38.0,-42.0,-46,18,17
2020-05-16,-35,-3,59.0,-32.0,-25,9,17
2020-05-17,-46,-21,-34.0,-50.0,-31,11,17
2020-05-18,-31,-8,2.0,-48.0,-46,17,17
2020-05-19,-33,-8,-14.0,-49.0,-46,19,17
2020-05-20,-28,-1,36.0,-41.0,-45,17,17
2020-05-21,-29,-1,36.0,-42.0,-45,17,17
2020-05-22,-30,-1,53.0,-38.0,-45,16,17
2020-05-23,-34,0,58.0,-31.0,-23,8,17
2020-05-24,-30,1,118.0,-33.0,-26,5,17
2020-05-25,-33,-7,67.0,-53.0,-76,23,17
2020-05-26,-27,-5,37.0,-43.0,-44,16,17
2020-05-27,-27,-4,31.0,-41.0,-43,17,17
2020-05-28,-28,-2,22.0,-42.0,-42,17,17
2020-05-29,-25,-3,62.0,-36.0,-41,15,17
2020-05-30,-26,1,105.0,-21.0,-11,5,17
2020-05-31,-30,-12,115.0,-29.0,-17,5,17
2020-06-01,-27,-7,24.0,-45.0,-44,15,17
2020-06-02,-24,-3,45.0,-43.0,-42,15,17
2020-06-03,-21,-1,35.0,-40.0,-41,15,17
2020-06-04,-20,2,53.0,-39.0,-40,14,17
2020-06-05,-22,-1,59.0,-35.0,-39,13,17
2020-06-06,-23,4,112.0,-19.0,-11,4,17
2020-06-07,-21,-1,138.0,-27.0,-15,3,17
2020-06-08,-17,-1,67.0,-37.0,-39,12,17
2020-06-09,-22,-7,11.0,-40.0,-40,15,17
2020-06-10,-18,0,32.0,-37.0,-39,14,17
2020-06-11,-15,3,93.0,-33.0,-38,12,17
2020-06-12,-19,-1,81.0,-29.0,-38,11,17
2020-06-13,-20,4,127.0,-15.0,-8,3,17
2020-06-14,-18,-2,159.0,-20.0,-12,2,17
2020-06-15,-15,-3,85.0,-34.0,-38,11,17
2020-06-16,-13,-1,94.0,-32.0,-38,12,17
2020-06-17,-13,2,89.0,-31.0,-39,12,17
2020-06-18,-13,4,88.0,-32.0,-38,11,17
2020-06-19,-17,2,86.0,-27.0,-38,9,17
2020-06-20,-20,10,87.0,-17.0,-10,3,17
2020-06-21,-20,3,130.0,-21.0,-11,1,17
2020-06-22,-21,-10,25.0,-39.0,-41,13,17
2020-06-23,-13,-1,96.0,-32.0,-39,11,17
2020-06-24,-12,0,88.0,-32.0,-38,11,17
2020-06-25,-13,2,101.0,-30.0,-37,11,17
2020-06-26,-20,-8,27.0,-32.0,-38,12,17
2020-06-27,-16,2,116.0,-13.0,-9,2,17
2020-06-28,-15,-4,145.0,-20.0,-10,2,17
2020-06-29,-14,-6,43.0,-35.0,-38,11,17
2020-06-30,-8,0,73.0,-33.0,-38,11,17
2020-07-01,-4,7,87.0,-28.0,-38,10,17
2020-07-02,0,14,100.0,-25.0,-40,9,17
2020-07-03,-7,18,120.0,-27.0,-59,13,17
2020-07-04,-37,-1,135.0,-26.0,-31,3,17
2020-07-05,-21,-11,128.0,-21.0,-17,1,17
2020-07-06,-10,-1,78.0,-32.0,-42,10,17
2020-07-07,-10,0,72.0,-32.0,-40,11,17
2020-07-08,-9,1,76.0,-31.0,-39,11,17
2020-07-09,-11,2,67.0,-32.0,-38,11,17
2020-07-10,-13,0,88.0,-28.0,-38,10,17
2020-07-11,-16,3,128.0,-13.0,-9,2,17
2020-07-12,-12,-2,183.0,-18.0,-12,1,17
2020-07-13,-9,-1,103.0,-33.0,-39,10,17
2020-07-14,-8,-1,107.0,-33.0,-39,10,17
2020-07-15,-13,-4,30.0,-35.0,-39,12,17
2020-07-16,-8,4,102.0,-31.0,-37,10,17
2020-07-17,-13,-1,100.0,-28.0,-38,9,17
2020-07-18,-17,1,121.0,-16.0,-10,2,17
2020-07-19,-18,-7,104.0,-25.0,-16,3,17
2020-07-20,-11,-2,92.0,-34.0,-39,10,17
2020-03-23,-35,-5,-21.0,-39.0,-34,15,22
2020-03-24,-43,-14,-19.0,-36.0,-42,18,22
2020-03-25,-39,-13,-6.0,-35.0,-43,17,22
2020-03-26,-39,-12,-14.0,-39.0,-43,18,22
2020-03-27,-42,-13,-20.0,-44.0,-43,20,22
2020-03-28,-47,-16,-38.0,-46.0,-33,14,22
2020-03-29,-45,-16,-18.0,-49.0,-35,11,22
2020-03-30,-40,-17,-23.0,-45.0,-42,17,22
2020-03-31,-37,-8,-25.0,-42.0,-45,18,22
2020-04-01,-32,-3,-5.0,-38.0,-45,17,22
2020-04-02,-38,-6,-20.0,-44.0,-45,19,22
2020-04-03,-39,-3,-19.0,-48.0,-45,20,22
2020-04-04,-50,-12,-47.0,-52.0,-36,16,22
2020-04-05,-46,-10,-19.0,-54.0,-37,12,22
2020-04-06,-40,-13,-19.0,-47.0,-43,18,22
2020-04-07,-41,-9,-19.0,-44.0,-45,18,22
2020-04-08,-39,-9,-9.0,-42.0,-46,17,22
2020-04-09,-38,-3,-15.0,-45.0,-46,18,22
2020-04-10,-44,-6,-19.0,-54.0,-58,24,22
2020-04-11,-45,-2,-35.0,-54.0,-36,14,22
2020-04-12,-64,-39,-55.0,-61.0,-44,13,22
2020-04-13,-38,-14,-15.0,-45.0,-43,17,22
2020-04-14,-35,-9,-18.0,-40.0,-43,17,22
2020-04-15,-25,-4,-6.0,-37.0,-43,16,22
2020-04-16,-30,-5,-9.0,-40.0,-43,17,22
2020-04-17,-36,-9,-15.0,-44.0,-43,19,22
2020-04-18,-43,-12,-46.0,-47.0,-31,14,22
2020-04-19,-44,-17,-40.0,-55.0,-35,12,22
2020-04-20,-31,-11,-8.0,-41.0,-40,16,22
2020-04-21,-26,-4,-5.0,-37.0,-41,15,22
2020-04-22,-30,-9,-11.0,-37.0,-42,16,22
2020-04-23,-33,-7,-27.0,-42.0,-43,18,22
2020-04-24,-33,-6,-4.0,-41.0,-41,18,22
2020-04-25,-37,-6,-22.0,-40.0,-29,11,22
2020-04-26,-33,-5,-1.0,-44.0,-32,9,22
2020-04-27,-26,-7,-3.0,-37.0,-38,15,22
2020-04-28,-30,-7,-20.0,-38.0,-41,10,22
2020-04-29,-26,-4,-22.0,-37.0,-43,17,22
2020-04-30,-22,3,-2.0,-34.0,-39,15,22
2020-05-01,-24,3,1.0,-35.0,-39,15,22
2020-05-02,-30,1,-12.0,-34.0,-26,9,22
2020-05-03,-28,-1,3.0,-40.0,-28,7,22
2020-05-04,-21,-2,-4.0,-34.0,-35,13,22
2020-05-05,-18,6,-4.0,-30.0,-37,13,22
2020-05-06,-17,3,12.0,-28.0,-37,13,22
2020-05-07,-20,5,2.0,-31.0,-37,13,22
2020-05-08,-32,-6,-28.0,-39.0,-38,18,22
2020-05-09,-26,16,-31.0,-34.0,-25,9,22
2020-05-10,-26,13,1.0,-36.0,-24,4,22
2020-05-11,-22,-5,1.0,-32.0,-34,12,22
2020-05-12,-19,3,4.0,-29.0,-35,12,22
2020-05-13,-18,2,12.0,-26.0,-35,12,22
2020-05-14,-26,-3,-29.0,-34.0,-36,15,22
2020-05-15,-24,-1,-19.0,-37.0,-36,15,22
2020-05-16,-28,-1,-32.0,-36.0,-22,9,22
2020-05-17,-25,-2,-14.0,-39.0,-23,7,22
2020-05-18,-13,-2,6.0,-26.0,-28,10,22
2020-05-19,-11,4,8.0,-22.0,-30,10,22
2020-05-20,-12,3,7.0,-21.0,-31,10,22
2020-05-21,-12,6,11.0,-22.0,-31,10,22
2020-05-22,-18,2,7.0,-24.0,-32,11,22
2020-05-23,-25,0,-12.0,-24.0,-20,7,22
2020-05-24,-19,4,14.0,-31.0,-21,5,22
2020-05-25,-26,-9,-8.0,-40.0,-60,18,22
2020-05-26,-16,0,-14.0,-27.0,-30,11,22
2020-05-27,-10,2,12.0,-20.0,-29,10,22
2020-05-28,-12,3,1.0,-22.0,-29,10,22
2020-05-29,-17,0,2.0,-25.0,-30,11,22
2020-05-30,-21,0,-3.0,-19.0,-13,5,22
2020-05-31,-16,2,17.0,-24.0,-15,4,22
2020-06-01,-8,2,5.0,-21.0,-26,8,22
2020-06-02,-7,7,9.0,-19.0,-28,9,22
2020-06-03,-6,7,6.0,-17.0,-29,9,22
2020-06-04,-8,9,11.0,-18.0,-28,9,22
2020-06-05,-13,7,11.0,-22.0,-29,10,22
2020-06-06,-19,9,-20.0,-20.0,-15,5,22
2020-06-07,-35,-11,-50.0,-40.0,-27,9,22
2020-06-08,-21,-11,-34.0,-35.0,-34,14,22
2020-06-09,-7,3,-2.0,-22.0,-27,9,22
2020-06-10,-6,1,10.0,-19.0,-29,9,22
2020-06-11,-6,5,22.0,-17.0,-28,8,22
2020-06-12,-12,1,18.0,-20.0,-29,9,22
2020-06-13,-16,3,9.0,-14.0,-13,3,22
2020-06-14,-13,4,20.0,-19.0,-16,3,22
2020-06-15,-9,0,17.0,-19.0,-26,8,22
2020-06-16,-5,6,19.0,-17.0,-27,8,22
2020-06-17,-4,6,32.0,-14.0,-28,7,22
2020-06-18,-6,6,23.0,-16.0,-29,8,22
2020-06-19,-11,4,24.0,-17.0,-30,7,22
2020-06-20,-14,9,9.0,-14.0,-14,3,22
2020-06-21,-19,4,7.0,-20.0,-17,2,22
2020-06-22,-17,-8,-7.0,-22.0,-31,10,22
2020-06-23,-11,0,-6.0,-20.0,-30,10,22
2020-06-24,-14,-4,-12.0,-20.0,-31,10,22
2020-06-25,-11,1,-8.0,-19.0,-30,10,22
2020-06-26,-15,-3,5.0,-20.0,-31,10,22
2020-06-27,-19,-1,-7.0,-15.0,-16,5,22
2020-06-28,-16,-1,8.0,-20.0,-16,4,22
2020-06-29,-10,-3,10.0,-18.0,-28,8,22
2020-06-30,-4,5,11.0,-16.0,-29,8,22
2020-07-01,0,7,19.0,-8.0,-30,7,22
2020-07-02,0,11,9.0,-9.0,-32,8,22
2020-07-03,-11,8,3.0,-20.0,-52,15,22
2020-07-04,-35,-2,-12.0,-28.0,-30,7,22
2020-07-05,-24,-8,-17.0,-22.0,-23,5,22
2020-07-06,-13,-3,-16.0,-18.0,-34,11,22
2020-07-07,-11,0,-16.0,-19.0,-33,10,22
2020-07-08,-5,3,15.0,-14.0,-31,8,22
2020-07-09,-8,3,12.0,-16.0,-31,9,22
2020-07-10,-14,-2,4.0,-20.0,-32,10,22
2020-07-11,-18,1,-5.0,-13.0,-17,5,22
2020-07-12,-17,0,-5.0,-19.0,-20,4,22
2020-07-13,-13,-5,-4.0,-20.0,-31,9,22
2020-07-14,-9,3,0.0,-18.0,-32,9,22
2020-07-15,-9,0,6.0,-16.0,-32,9,22
2020-07-16,-14,-1,-9.0,-18.0,-32,10,22
2020-07-17,-15,0,5.0,-19.0,-33,10,22
2020-07-18,-20,0,-10.0,-16.0,-18,6,22
2020-07-19,-20,-1,-4.0,-21.0,-21,5,22
2020-07-20,-14,-4,-1.0,-20.0,-31,9,22
2020-03-23,-40,-12,-33.0,-66.0,-50,21,25
2020-03-24,-49,-21,-2.0,-68.0,-55,24,25
2020-03-25,-52,-25,-21.0,-70.0,-57,26,25
2020-03-26,-47,-17,42.0,-68.0,-56,25,25
2020-03-27,-48,-19,46.0,-67.0,-55,26,25
2020-03-28,-52,-23,57.0,-63.0,-41,15,25
2020-03-29,-59,-36,-56.0,-73.0,-42,16,25
2020-03-30,-49,-25,-28.0,-72.0,-58,24,25
2020-03-31,-46,-20,11.0,-69.0,-58,25,25
2020-04-01,-46,-16,-2.0,-69.0,-59,25,25
2020-04-02,-50,-17,-30.0,-73.0,-59,27,25
2020-04-03,-54,-22,-54.0,-74.0,-59,30,25
2020-04-04,-53,-19,29.0,-64.0,-43,16,25
2020-04-05,-53,-27,25.0,-68.0,-42,14,25
2020-04-06,-44,-19,51.0,-69.0,-59,23,25
2020-04-07,-46,-21,41.0,-70.0,-60,25,25
2020-04-08,-51,-22,-13.0,-73.0,-61,26,25
2020-04-09,-54,-25,-42.0,-75.0,-61,28,25
2020-04-10,-50,-16,-25.0,-73.0,-61,29,25
2020-04-11,-49,-12,33.0,-64.0,-44,16,25
2020-04-12,-67,-50,21.0,-69.0,-48,14,25
2020-04-13,-58,-40,-55.0,-77.0,-61,27,25
2020-04-14,-45,-20,25.0,-69.0,-59,24,25
2020-04-15,-45,-22,2.0,-70.0,-59,25,25
2020-04-16,-47,-20,-7.0,-71.0,-59,26,25
2020-04-17,-48,-21,-7.0,-70.0,-58,27,25
2020-04-18,-59,-33,-44.0,-70.0,-45,19,25
2020-04-19,-45,-25,62.0,-62.0,-39,12,25
2020-04-20,-45,-25,5.0,-72.0,-62,25,25
2020-04-21,-50,-29,-28.0,-72.0,-59,26,25
2020-04-22,-47,-24,-18.0,-71.0,-59,26,25
2020-04-23,-45,-20,21.0,-69.0,-58,25,25
2020-04-24,-51,-27,-45.0,-72.0,-58,29,25
2020-04-25,-45,-22,98.0,-56.0,-40,13,25
2020-04-26,-53,-32,-34.0,-71.0,-42,15,25
2020-04-27,-50,-31,-48.0,-74.0,-58,25,25
2020-04-28,-43,-21,9.0,-68.0,-58,18,25
2020-04-29,-41,-20,30.0,-67.0,-58,23,25
2020-04-30,-47,-20,-23.0,-70.0,-58,26,25
2020-05-01,-45,-18,-13.0,-68.0,-56,26,25
2020-05-02,-41,-15,100.0,-52.0,-37,12,25
2020-05-03,-37,-18,90.0,-55.0,-34,10,25
2020-05-04,-37,-17,23.0,-66.0,-55,21,25
2020-05-05,-36,-13,27.0,-65.0,-56,22,25
2020-05-06,-40,-18,11.0,-66.0,-56,23,25
2020-05-07,-39,-12,38.0,-65.0,-55,23,25
2020-05-08,-42,-13,-3.0,-66.0,-54,24,25
2020-05-09,-45,-10,-13.0,-61.0,-37,14,25
2020-05-10,-37,-14,26.0,-59.0,-31,10,25
2020-05-11,-43,-25,-6.0,-68.0,-54,22,25
2020-05-12,-38,-16,23.0,-65.0,-54,22,25
2020-05-13,-36,-15,36.0,-63.0,-54,22,25
2020-05-14,-36,-12,71.0,-62.0,-54,21,25
2020-05-15,-40,-16,28.0,-62.0,-53,23,25
2020-05-16,-39,-17,99.0,-50.0,-33,10,25
2020-05-17,-37,-21,54.0,-56.0,-29,10,25
2020-05-18,-35,-18,21.0,-64.0,-52,20,25
2020-05-19,-33,-14,40.0,-62.0,-52,20,25
2020-05-20,-31,-12,55.0,-61.0,-52,20,25
2020-05-21,-30,-8,77.0,-59.0,-52,20,25
2020-05-22,-33,-8,81.0,-57.0,-51,19,25
2020-05-23,-41,-16,42.0,-53.0,-30,11,25
2020-05-24,-32,-16,85.0,-54.0,-26,7,25
2020-05-25,-36,-21,75.0,-70.0,-76,24,25
2020-05-26,-30,-14,70.0,-59.0,-49,18,25
2020-05-27,-28,-11,79.0,-58.0,-49,18,25
2020-05-28,-30,-8,53.0,-59.0,-49,19,25
2020-05-29,-34,-12,36.0,-58.0,-47,20,25
2020-05-30,-34,-12,120.0,-45.0,-18,8,25
2020-05-31,-29,-13,102.0,-46.0,-17,7,25
2020-06-01,-26,-12,44.0,-58.0,-47,17,25
2020-06-02,-28,-11,52.0,-56.0,-47,18,25
2020-06-03,-27,-8,58.0,-56.0,-47,18,25
2020-06-04,-27,-4,94.0,-56.0,-46,17,25
2020-06-05,-31,-8,45.0,-56.0,-45,19,25
2020-06-06,-35,-13,89.0,-47.0,-20,8,25
2020-06-07,-31,-14,72.0,-49.0,-17,7,25
2020-06-08,-22,-9,94.0,-55.0,-45,15,25
2020-06-09,-25,-10,69.0,-56.0,-46,16,25
2020-06-10,-23,-8,75.0,-55.0,-46,16,25
2020-06-11,-29,-9,17.0,-58.0,-46,19,25
2020-06-12,-25,-6,94.0,-50.0,-43,15,25
2020-06-13,-26,-9,157.0,-36.0,-14,5,25
2020-06-14,-21,-11,122.0,-42.0,-12,5,25
2020-06-15,-18,-8,79.0,-52.0,-45,15,25
2020-06-16,-18,-6,97.0,-52.0,-45,15,25
2020-06-17,-17,-5,102.0,-50.0,-45,15,25
2020-06-18,-18,-2,112.0,-51.0,-44,15,25
2020-06-19,-22,-4,100.0,-49.0,-44,13,25
2020-06-20,-24,-3,163.0,-35.0,-15,4,25
2020-06-21,-21,-8,112.0,-41.0,-11,2,25
2020-06-22,-16,-10,88.0,-52.0,-46,14,25
2020-06-23,-15,-8,99.0,-51.0,-46,14,25
2020-06-24,-17,-7,69.0,-51.0,-45,15,25
2020-06-25,-15,-2,115.0,-49.0,-44,14,25
2020-06-26,-21,-6,94.0,-47.0,-43,14,25
2020-06-27,-25,-12,95.0,-37.0,-17,6,25
2020-06-28,-22,-17,71.0,-42.0,-12,5,25
2020-06-29,-17,-11,31.0,-53.0,-45,15,25
2020-06-30,-14,-7,43.0,-52.0,-45,15,25
2020-07-01,-11,-3,65.0,-48.0,-45,14,25
2020-07-02,-5,7,143.0,-44.0,-45,12,25
2020-07-03,-14,9,83.0,-50.0,-61,17,25
2020-07-04,-40,-19,178.0,-42.0,-32,4,25
2020-07-05,-21,-18,118.0,-36.0,-16,2,25
2020-07-06,-10,-6,115.0,-48.0,-48,13,25
2020-07-07,-12,-5,110.0,-47.0,-46,13,25
2020-07-08,-14,-5,77.0,-49.0,-45,14,25
2020-07-09,-12,-3,125.0,-47.0,-44,13,25
2020-07-10,-19,-6,55.0,-48.0,-44,15,25
2020-07-11,-20,-9,133.0,-33.0,-15,5,25
2020-07-12,-14,-10,149.0,-34.0,-12,2,25
2020-07-13,-12,-7,79.0,-50.0,-45,13,25
2020-07-14,-13,-7,68.0,-50.0,-45,14,25
2020-07-15,-10,-5,99.0,-47.0,-44,13,25
2020-07-16,-11,-2,122.0,-47.0,-43,12,25
2020-07-17,-19,-6,51.0,-47.0,-43,14,25
2020-07-18,-21,-10,184.0,-30.0,-14,2,25
2020-07-19,-16,-12,134.0,-35.0,-13,2,25
2020-07-20,-12,-8,98.0,-49.0,-45,12,25
2020-03-23,-35,-15,-45.0,-56.0,-46,22,24
2020-03-24,-38,-17,31.0,-51.0,-49,21,24
2020-03-25,-44,-25,-43.0,-58.0,-52,24,24
2020-03-26,-36,-16,53.0,-52.0,-51,22,24
2020-03-27,-39,-19,41.0,-51.0,-49,23,24
2020-03-28,-48,-26,-28.0,-53.0,-36,16,24
2020-03-29,-45,-25,29.0,-51.0,-39,13,24
2020-03-30,-26,-3,28.0,-52.0,-50,20,24
2020-03-31,-48,-29,-26.0,-60.0,-55,25,24
2020-04-01,-43,-22,-14.0,-56.0,-56,25,24
2020-04-02,-42,-21,0.0,-56.0,-56,25,24
2020-04-03,-41,-19,-1.0,-54.0,-54,26,24
2020-04-04,-47,-22,1.0,-50.0,-39,16,24
2020-04-05,-47,-25,35.0,-53.0,-42,14,24
2020-04-06,-40,-22,20.0,-55.0,-55,23,24
2020-04-07,-41,-21,7.0,-57.0,-56,25,24
2020-04-08,-40,-20,34.0,-55.0,-57,24,24
2020-04-09,-42,-21,-12.0,-58.0,-58,26,24
2020-04-10,-43,-21,-27.0,-60.0,-59,28,24
2020-04-11,-43,-14,24.0,-49.0,-39,15,24
2020-04-12,-60,-36,5.0,-55.0,-46,15,24
2020-04-13,-49,-31,-29.0,-62.0,-58,27,24
2020-04-14,-39,-20,15.0,-55.0,-55,24,24
2020-04-15,-37,-18,2.0,-53.0,-55,24,24
2020-04-16,-38,-18,-3.0,-56.0,-56,25,24
2020-04-17,-40,-20,-7.0,-55.0,-54,26,24
2020-04-18,-45,-19,-14.0,-50.0,-37,16,24
2020-04-19,-45,-20,40.0,-51.0,-40,13,24
2020-04-20,-39,-22,0.0,-56.0,-54,23,24
2020-04-21,-39,-21,1.0,-56.0,-55,24,24
2020-04-22,-36,-18,19.0,-54.0,-55,24,24
2020-04-23,-40,-21,-18.0,-58.0,-55,25,24
2020-04-24,-42,-24,-26.0,-59.0,-55,27,24
2020-04-25,-41,-16,55.0,-43.0,-35,14,24
2020-04-26,-49,-24,-41.0,-57.0,-42,15,24
2020-04-27,-38,-21,-12.0,-56.0,-53,23,24
2020-04-28,-36,-18,4.0,-54.0,-54,18,24
2020-04-29,-33,-15,45.0,-51.0,-54,22,24
2020-04-30,-44,-27,-44.0,-62.0,-57,27,24
2020-05-01,-34,-14,14.0,-51.0,-52,24,24
2020-05-02,-34,-9,115.0,-33.0,-32,11,24
2020-05-03,-40,-15,31.0,-46.0,-36,12,24
2020-05-04,-30,-14,38.0,-51.0,-51,21,24
2020-05-05,-30,-11,20.0,-51.0,-52,22,24
2020-05-06,-38,-19,-29.0,-57.0,-54,24,24
2020-05-07,-30,-11,66.0,-48.0,-53,22,24
2020-05-08,-37,-14,-11.0,-51.0,-51,24,24
2020-05-09,-35,-3,9.0,-42.0,-31,13,24
2020-05-10,-30,-9,81.0,-40.0,-32,9,24
2020-05-11,-36,-20,1.0,-52.0,-51,22,24
2020-05-12,-31,-12,42.0,-49.0,-51,21,24
2020-05-13,-30,-11,75.0,-46.0,-51,21,24
2020-05-14,-31,-12,53.0,-48.0,-52,21,24
2020-05-15,-30,-11,92.0,-45.0,-50,21,24
2020-05-16,-32,-9,144.0,-33.0,-28,10,24
2020-05-17,-35,-16,66.0,-42.0,-30,10,24
2020-05-18,-31,-16,17.0,-50.0,-49,20,24
2020-05-19,-26,-10,47.0,-47.0,-49,20,24
2020-05-20,-27,-9,43.0,-45.0,-50,21,24
2020-05-21,-26,-8,61.0,-44.0,-50,21,24
2020-05-22,-33,-12,10.0,-48.0,-50,23,24
2020-05-23,-29,-5,150.0,-29.0,-24,9,24
2020-05-24,-32,-11,110.0,-38.0,-28,9,24
2020-05-25,-31,-14,163.0,-54.0,-75,25,24
2020-05-26,-25,-9,103.0,-42.0,-48,18,24
2020-05-27,-25,-8,81.0,-42.0,-48,19,24
2020-05-28,-28,-10,27.0,-46.0,-48,21,24
2020-05-29,-28,-10,63.0,-42.0,-46,20,24
2020-05-30,-27,-5,168.0,-24.0,-15,8,24
2020-05-31,-25,-8,172.0,-28.0,-19,7,24
2020-06-01,-20,-8,78.0,-40.0,-45,17,24
2020-06-02,-19,-4,95.0,-38.0,-46,17,24
2020-06-03,-20,-4,82.0,-40.0,-46,18,24
2020-06-04,-22,-4,63.0,-42.0,-46,18,24
2020-06-05,-27,-9,50.0,-42.0,-44,19,24
2020-06-06,-24,-1,159.0,-22.0,-15,6,24
2020-06-07,-21,-4,192.0,-25.0,-18,6,24
2020-06-08,-19,-7,93.0,-39.0,-43,16,24
2020-06-09,-17,-3,114.0,-38.0,-44,16,24
2020-06-10,-19,-4,78.0,-39.0,-45,17,24
2020-06-11,-21,-5,60.0,-42.0,-45,18,24
2020-06-12,-20,-3,124.0,-35.0,-42,15,24
2020-06-13,-20,0,219.0,-19.0,-11,5,24
2020-06-14,-19,-4,180.0,-25.0,-16,5,24
2020-06-15,-16,-6,93.0,-38.0,-42,15,24
2020-06-16,-13,-1,128.0,-36.0,-43,15,24
2020-06-17,-19,-6,40.0,-40.0,-45,17,24
2020-06-18,-16,-2,85.0,-38.0,-44,16,24
2020-06-19,-20,-3,79.0,-36.0,-43,14,24
2020-06-20,-22,0,104.0,-22.0,-13,6,24
2020-06-21,-17,-1,153.0,-21.0,-14,4,24
2020-06-22,-20,-11,49.0,-39.0,-45,16,24
2020-06-23,-13,-1,106.0,-35.0,-45,15,24
2020-06-24,-12,-1,125.0,-33.0,-43,14,24
2020-06-25,-14,-3,93.0,-34.0,-44,15,24
2020-06-26,-16,-3,129.0,-31.0,-42,14,24
2020-06-27,-19,-2,176.0,-15.0,-13,4,24
2020-06-28,-17,-4,152.0,-20.0,-12,4,24
2020-06-29,-12,-5,95.0,-35.0,-42,14,24
2020-06-30,-6,1,130.0,-33.0,-42,13,24
2020-07-01,-7,2,98.0,-31.0,-43,14,24
2020-07-02,-2,9,131.0,-29.0,-44,12,24
2020-07-03,-9,9,168.0,-34.0,-61,17,24
2020-07-04,-31,-6,192.0,-30.0,-26,5,24
2020-07-05,-21,-10,136.0,-23.0,-18,4,24
2020-07-06,-14,-6,62.0,-37.0,-45,15,24
2020-07-07,-11,-2,98.0,-34.0,-44,14,24
2020-07-08,-10,0,105.0,-34.0,-43,14,24
2020-07-09,-11,0,111.0,-34.0,-43,14,24
2020-07-10,-16,-4,86.0,-34.0,-42,15,24
2020-07-11,-17,-1,169.0,-20.0,-11,4,24
2020-07-12,-16,-4,152.0,-24.0,-14,5,24
2020-07-13,-12,-5,88.0,-37.0,-43,14,24
2020-07-14,-8,0,138.0,-36.0,-43,13,24
2020-07-15,-9,0,114.0,-37.0,-43,14,24
2020-07-16,-10,-1,108.0,-37.0,-43,14,24
2020-07-17,-15,-3,105.0,-36.0,-42,14,24
2020-07-18,-17,-1,171.0,-22.0,-13,4,24
2020-07-19,-16,-4,131.0,-27.0,-17,5,24
2020-07-20,-15,-7,55.0,-41.0,-44,15,24
2020-03-23,-34,12,-1.0,-40.0,-43,17,26
2020-03-24,-59,-29,3.0,-50.0,-57,25,26
2020-03-25,-53,-22,66.0,-46.0,-58,23,26
2020-03-26,-56,-25,12.0,-51.0,-59,25,26
2020-03-27,-58,-26,22.0,-52.0,-58,27,26
2020-03-28,-63,-29,-22.0,-56.0,-44,17,26
2020-03-29,-58,-28,15.0,-55.0,-43,12,26
2020-03-30,-54,-24,-10.0,-55.0,-60,24,26
2020-03-31,-53,-22,-3.0,-52.0,-61,25,26
2020-04-01,-50,-17,21.0,-49.0,-61,25,26
2020-04-02,-49,-16,99.0,-48.0,-61,24,26
2020-04-03,-52,-18,68.0,-49.0,-61,26,26
2020-04-04,-60,-26,2.0,-54.0,-45,17,26
2020-04-05,-55,-24,92.0,-53.0,-44,11,26
2020-04-06,-51,-22,48.0,-53.0,-61,24,26
2020-04-07,-54,-23,23.0,-54.0,-63,25,26
2020-04-08,-49,-17,76.0,-48.0,-62,24,26
2020-04-09,-53,-18,-11.0,-56.0,-63,26,26
2020-04-10,-57,-21,-15.0,-58.0,-65,30,26
2020-04-11,-58,-15,59.0,-51.0,-45,16,26
2020-04-12,-74,-50,17.0,-60.0,-51,13,26
2020-04-13,-57,-28,-22.0,-59.0,-61,25,26
2020-04-14,-53,-24,-9.0,-55.0,-61,26,26
2020-04-15,-48,-18,-18.0,-52.0,-60,25,26
2020-04-16,-48,-17,0.0,-53.0,-60,25,26
2020-04-17,-57,-29,-26.0,-58.0,-60,29,26
2020-04-18,-53,-21,59.0,-49.0,-40,15,26
2020-04-19,-50,-24,80.0,-54.0,-41,11,26
2020-04-20,-44,-20,52.0,-50.0,-58,22,26
2020-04-21,-49,-20,-11.0,-53.0,-60,25,26
2020-04-22,-48,-19,-9.0,-53.0,-59,25,26
2020-04-23,-49,-20,-10.0,-55.0,-59,26,26
2020-04-24,-50,-23,39.0,-51.0,-58,26,26
2020-04-25,-50,-22,58.0,-47.0,-40,14,26
2020-04-26,-42,-19,134.0,-48.0,-39,9,26
2020-04-27,-37,-18,64.0,-46.0,-56,21,26
2020-04-28,-35,-13,103.0,-41.0,-57,15,26
2020-04-29,-40,-16,-4.0,-48.0,-58,23,26
2020-04-30,-39,-13,6.0,-48.0,-57,23,26
2020-05-01,-37,-12,105.0,-38.0,-55,22,26
2020-05-02,-38,-10,160.0,-31.0,-35,10,26
2020-05-03,-30,-9,204.0,-35.0,-33,6,26
2020-05-04,-30,-10,72.0,-42.0,-53,19,26
2020-05-05,-31,-6,41.0,-40.0,-54,20,26
2020-05-06,-29,-5,105.0,-36.0,-53,19,26
2020-05-07,-31,-5,90.0,-37.0,-53,20,26
2020-05-08,-40,-13,17.0,-42.0,-52,23,26
2020-05-09,-37,3,55.0,-34.0,-32,11,26
2020-05-10,-33,-4,33.0,-39.0,-31,7,26
2020-05-11,-36,-15,30.0,-42.0,-50,19,26
2020-05-12,-29,-8,96.0,-33.0,-50,18,26
2020-05-13,-24,-4,125.0,-31.0,-50,17,26
2020-05-14,-36,-12,9.0,-43.0,-51,21,26
2020-05-15,-36,-12,82.0,-37.0,-49,20,26
2020-05-16,-34,-6,180.0,-24.0,-28,8,26
2020-05-17,-37,-13,17.0,-43.0,-30,9,26
2020-05-18,-34,-15,8.0,-46.0,-46,19,26
2020-05-19,-27,-5,63.0,-36.0,-46,17,26
2020-05-20,-19,1,147.0,-26.0,-46,15,26
2020-05-21,-20,2,156.0,-26.0,-46,15,26
2020-05-22,-31,-5,111.0,-30.0,-47,17,26
2020-05-23,-31,1,223.0,-19.0,-25,6,26
2020-05-24,-20,7,288.0,-23.0,-26,2,26
2020-05-25,-31,-6,228.0,-42.0,-76,20,26
2020-05-26,-21,-3,126.0,-27.0,-44,14,26
2020-05-27,-21,-2,118.0,-28.0,-43,15,26
2020-05-28,-22,-2,78.0,-30.0,-43,16,26
2020-05-29,-30,-9,98.0,-29.0,-41,17,26
2020-05-30,-27,-1,184.0,-17.0,-14,6,26
2020-05-31,-19,-1,223.0,-23.0,-14,3,26
2020-06-01,-16,-3,116.0,-27.0,-39,12,26
2020-06-02,-17,1,168.0,-23.0,-39,13,26
2020-06-03,-13,6,147.0,-22.0,-39,12,26
2020-06-04,-15,4,180.0,-24.0,-39,12,26
2020-06-05,-24,-2,160.0,-24.0,-39,13,26
2020-06-06,-23,5,285.0,-14.0,-13,3,26
2020-06-07,-13,4,299.0,-17.0,-14,1,26
2020-06-08,-8,-1,189.0,-24.0,-36,10,26
2020-06-09,-11,0,169.0,-25.0,-38,11,26
2020-06-10,-14,-4,74.0,-28.0,-39,13,26
2020-06-11,-5,5,181.0,-20.0,-37,10,26
2020-06-12,-16,-3,173.0,-18.0,-37,11,26
2020-06-13,-14,4,268.0,-5.0,-7,2,26
2020-06-14,-5,4,314.0,-9.0,-9,0,26
2020-06-15,-2,3,193.0,-20.0,-35,9,26
2020-06-16,-2,4,208.0,-18.0,-36,9,26
2020-06-17,1,8,223.0,-16.0,-36,9,26
2020-06-18,-1,8,229.0,-16.0,-36,8,26
2020-06-19,-11,2,228.0,-14.0,-37,7,26
2020-06-20,-11,12,316.0,-3.0,-7,0,26
2020-06-21,-4,11,260.0,-10.0,-8,-1,26
2020-06-22,-4,0,169.0,-22.0,-38,9,26
2020-06-23,-2,2,131.0,-20.0,-38,10,26
2020-06-24,3,6,211.0,-13.0,-35,8,26
2020-06-25,2,7,243.0,-12.0,-35,8,26
2020-06-26,-12,-2,192.0,-12.0,-36,10,26
2020-06-27,-10,6,305.0,2.0,-8,1,26
2020-06-28,0,7,401.0,1.0,-5,-2,26
2020-06-29,2,5,239.0,-15.0,-36,8,26
2020-06-30,4,8,243.0,-14.0,-36,8,26
2020-07-01,9,15,262.0,-8.0,-37,7,26
2020-07-02,11,21,309.0,-4.0,-40,7,26
2020-07-03,-7,16,360.0,-11.0,-60,13,26
2020-07-04,-34,3,417.0,-9.0,-29,1,26
2020-07-05,-8,-1,377.0,1.0,-15,-2,26
2020-07-06,1,4,246.0,-14.0,-40,9,26
2020-07-07,-1,4,223.0,-13.0,-38,9,26
2020-07-08,1,7,224.0,-12.0,-37,9,26
2020-07-09,-1,6,218.0,-14.0,-37,9,26
2020-07-10,-14,-5,153.0,-17.0,-37,12,26
2020-07-11,-12,6,355.0,2.0,-5,0,26
2020-07-12,-2,5,363.0,0.0,-8,-1,26
2020-07-13,-1,3,246.0,-14.0,-36,8,26
2020-07-14,-2,3,235.0,-14.0,-36,9,26
2020-07-15,1,7,213.0,-14.0,-35,8,26
2020-07-16,-4,4,195.0,-18.0,-36,10,26
2020-07-17,-12,-1,268.0,-10.0,-36,9,26
2020-07-18,-14,4,343.0,-1.0,-8,1,26
2020-07-19,-9,-1,241.0,-8.0,-12,1,26
2020-07-20,-1,3,248.0,-15.0,-36,8,26
2020-03-23,-56,-34,-55.0,-67.0,-55,26,34
2020-03-24,-46,-18,32.0,-60.0,-55,24,34
2020-03-25,-51,-27,-32.0,-65.0,-57,27,34
2020-03-26,-46,-19,52.0,-62.0,-57,26,34
2020-03-27,-48,-21,42.0,-63.0,-56,27,34
2020-03-28,-59,-32,-47.0,-67.0,-44,19,34
2020-03-29,-59,-33,-36.0,-70.0,-44,16,34
2020-03-30,-49,-25,-11.0,-66.0,-58,26,34
2020-03-31,-49,-24,-21.0,-67.0,-60,27,34
2020-04-01,-47,-21,13.0,-65.0,-60,27,34
2020-04-02,-51,-15,3.0,-67.0,-61,28,34
2020-04-03,-62,0,-30.0,-67.0,-60,30,34
2020-04-04,-64,-2,21.0,-62.0,-45,18,34
2020-04-05,-66,-11,26.0,-67.0,-45,16,34
2020-04-06,-58,-2,38.0,-65.0,-61,26,34
2020-04-07,-57,-5,22.0,-66.0,-62,27,34
2020-04-08,-58,-7,-10.0,-67.0,-63,28,34
2020-04-09,-61,-8,-34.0,-70.0,-64,30,34
2020-04-10,-62,-8,-43.0,-72.0,-68,33,34
2020-04-11,-61,-3,-12.0,-65.0,-47,18,34
2020-04-12,-76,-48,-19.0,-72.0,-52,16,34
2020-04-13,-70,-40,-54.0,-76.0,-64,30,34
2020-04-14,-58,-19,-12.0,-67.0,-61,27,34
2020-04-15,-56,-20,-17.0,-67.0,-61,27,34
2020-04-16,-58,-20,-24.0,-68.0,-62,28,34
2020-04-17,-59,-22,-31.0,-68.0,-60,30,34
2020-04-18,-64,-27,-43.0,-68.0,-44,19,34
2020-04-19,-62,-28,1.0,-67.0,-42,15,34
2020-04-20,-58,-24,-18.0,-67.0,-59,26,34
2020-04-21,-60,-25,-33.0,-69.0,-60,27,34
2020-04-22,-56,-20,-18.0,-66.0,-59,26,34
2020-04-23,-58,-21,-23.0,-67.0,-59,27,34
2020-04-24,-62,-27,-50.0,-71.0,-59,31,34
2020-04-25,-57,-19,26.0,-58.0,-39,15,34
2020-04-26,-67,-35,-59.0,-73.0,-44,16,34
2020-04-27,-57,-23,-31.0,-67.0,-57,26,34
2020-04-28,-51,-15,25.0,-61.0,-58,19,34
2020-04-29,-54,-20,-21.0,-64.0,-58,26,34
2020-04-30,-56,-23,-38.0,-67.0,-59,28,34
2020-05-01,-53,-17,-15.0,-64.0,-56,27,34
2020-05-02,-50,-13,122.0,-52.0,-36,13,34
2020-05-03,-52,-19,93.0,-60.0,-36,12,34
2020-05-04,-47,-15,32.0,-62.0,-55,23,34
2020-05-05,-46,-10,31.0,-60.0,-55,23,34
2020-05-06,-52,-19,-21.0,-64.0,-56,25,34
2020-05-07,-47,-10,65.0,-60.0,-55,23,34
2020-05-08,-53,-15,-22.0,-64.0,-54,27,34
2020-05-09,-50,-5,5.0,-58.0,-34,15,34
2020-05-10,-47,-13,73.0,-58.0,-32,10,34
2020-05-11,-51,-21,1.0,-63.0,-53,23,34
2020-05-12,-47,-12,34.0,-59.0,-53,23,34
2020-05-13,-44,-12,61.0,-58.0,-53,22,34
2020-05-14,-44,-12,66.0,-58.0,-53,23,34
2020-05-15,-45,-12,81.0,-57.0,-52,23,34
2020-05-16,-45,-11,146.0,-49.0,-31,11,34
2020-05-17,-46,-17,100.0,-57.0,-29,11,34
2020-05-18,-42,-14,42.0,-59.0,-51,21,34
2020-05-19,-42,-10,41.0,-57.0,-51,22,34
2020-05-20,-41,-9,55.0,-56.0,-51,21,34
2020-05-21,-39,-6,86.0,-54.0,-51,21,34
2020-05-22,-44,-9,41.0,-56.0,-50,23,34
2020-05-23,-50,-15,16.0,-56.0,-29,14,34
2020-05-24,-43,-11,138.0,-52.0,-27,8,34
2020-05-25,-44,-15,156.0,-65.0,-76,26,34
2020-05-26,-39,-9,91.0,-53.0,-49,19,34
2020-05-27,-39,-9,93.0,-52.0,-49,20,34
2020-05-28,-42,-10,41.0,-55.0,-49,21,34
2020-05-29,-43,-11,52.0,-54.0,-48,22,34
2020-05-30,-40,-6,173.0,-42.0,-17,9,34
2020-05-31,-40,-10,171.0,-46.0,-18,8,34
2020-06-01,-37,-8,84.0,-52.0,-46,18,34
2020-06-02,-38,-5,68.0,-53.0,-47,19,34
2020-06-03,-39,-7,57.0,-53.0,-47,20,34
2020-06-04,-36,-1,99.0,-51.0,-47,19,34
2020-06-05,-41,-7,33.0,-53.0,-46,21,34
2020-06-06,-38,-2,168.0,-41.0,-17,8,34
2020-06-07,-36,-6,206.0,-44.0,-17,6,34
2020-06-08,-33,-6,121.0,-51.0,-44,17,34
2020-06-09,-32,-1,122.0,-50.0,-45,17,34
2020-06-10,-33,-4,113.0,-49.0,-45,17,34
2020-06-11,-37,-7,49.0,-52.0,-46,20,34
2020-06-12,-34,0,132.0,-46.0,-43,17,34
2020-06-13,-34,1,232.0,-35.0,-13,6,34
2020-06-14,-34,-5,206.0,-42.0,-13,6,34
2020-06-15,-26,-4,110.0,-47.0,-43,16,34
2020-06-16,-26,0,123.0,-46.0,-44,16,34
2020-06-17,-27,-2,110.0,-45.0,-44,16,34
2020-06-18,-28,-1,98.0,-46.0,-45,17,34
2020-06-19,-29,1,121.0,-43.0,-43,15,34
2020-06-20,-29,4,172.0,-33.0,-13,6,34
2020-06-21,-30,-3,171.0,-38.0,-11,4,34
2020-06-22,-23,-5,122.0,-45.0,-45,15,34
2020-06-23,-22,1,125.0,-44.0,-45,15,34
2020-06-24,-21,0,137.0,-42.0,-43,14,34
2020-06-25,-23,1,130.0,-42.0,-44,15,34
2020-06-26,-27,0,140.0,-39.0,-42,14,34
2020-06-27,-30,-2,141.0,-30.0,-14,6,34
2020-06-28,-28,-5,173.0,-35.0,-9,5,34
2020-06-29,-18,-1,139.0,-41.0,-42,13,34
2020-06-30,-18,1,104.0,-43.0,-43,14,34
2020-07-01,-18,1,94.0,-41.0,-43,14,34
2020-07-02,-10,12,163.0,-36.0,-44,12,34
2020-07-03,-15,14,153.0,-41.0,-60,18,34
2020-07-04,-38,-5,219.0,-36.0,-29,5,34
2020-07-05,-29,-9,180.0,-30.0,-16,3,34
2020-07-06,-24,-6,84.0,-41.0,-46,15,34
2020-07-07,-17,5,126.0,-39.0,-44,13,34
2020-07-08,-20,0,107.0,-41.0,-43,14,34
2020-07-09,-18,4,154.0,-40.0,-43,13,34
2020-07-10,-39,-16,-6.0,-49.0,-45,20,34
2020-07-11,-24,3,133.0,-29.0,-10,5,34
2020-07-12,-22,-2,224.0,-28.0,-11,3,34
2020-07-13,-17,1,137.0,-42.0,-42,13,34
2020-07-14,-15,4,157.0,-41.0,-43,13,34
2020-07-15,-14,2,155.0,-41.0,-42,13,34
2020-07-16,-15,3,156.0,-41.0,-42,13,34
2020-07-17,-20,0,101.0,-40.0,-41,14,34
2020-07-18,-21,2,209.0,-25.0,-11,3,34
2020-07-19,-22,-4,178.0,-31.0,-13,4,34
2020-07-20,-17,-2,109.0,-43.0,-43,14,34
2020-03-23,-62,-37,-64.0,-69.0,-57,26,36
2020-03-24,-53,-18,-16.0,-63.0,-56,25,36
2020-03-25,-56,-23,-38.0,-66.0,-57,26,36
2020-03-26,-52,-18,1.0,-64.0,-57,25,36
2020-03-27,-54,-20,-7.0,-64.0,-57,27,36
2020-03-28,-61,-28,-52.0,-67.0,-45,18,36
2020-03-29,-62,-32,-47.0,-68.0,-46,16,36
2020-03-30,-55,-26,-40.0,-69.0,-60,26,36
2020-03-31,-55,-24,-36.0,-69.0,-61,26,36
2020-04-01,-52,-18,-13.0,-67.0,-61,26,36
2020-04-02,-54,-20,-26.0,-69.0,-62,27,36
2020-04-03,-57,-22,-56.0,-70.0,-62,30,36
2020-04-04,-58,-21,-5.0,-65.0,-47,18,36
2020-04-05,-59,-28,-11.0,-68.0,-47,15,36
2020-04-06,-53,-21,-3.0,-69.0,-62,26,36
2020-04-07,-60,-11,-6.0,-69.0,-63,26,36
2020-04-08,-62,-12,-23.0,-70.0,-63,27,36
2020-04-09,-65,-15,-46.0,-73.0,-65,29,36
2020-04-10,-65,-13,-53.0,-72.0,-66,32,36
2020-04-11,-62,-4,-12.0,-65.0,-48,18,36
2020-04-12,-75,-44,-10.0,-68.0,-51,15,36
2020-04-13,-70,-39,-59.0,-76.0,-64,29,36
2020-04-14,-60,-19,-15.0,-68.0,-61,26,36
2020-04-15,-59,-20,-25.0,-69.0,-61,27,36
2020-04-16,-61,-20,-35.0,-70.0,-61,27,36
2020-04-17,-62,-22,-43.0,-68.0,-60,29,36
2020-04-18,-65,-25,-40.0,-67.0,-45,18,36
2020-04-19,-62,-26,11.0,-64.0,-43,14,36
2020-04-20,-59,-23,-19.0,-68.0,-59,25,36
2020-04-21,-63,-27,-43.0,-71.0,-60,27,36
2020-04-22,-60,-19,-28.0,-68.0,-59,26,36
2020-04-23,-60,-20,-32.0,-69.0,-59,26,36
2020-04-24,-63,-25,-50.0,-70.0,-59,29,36
2020-04-25,-57,-15,45.0,-58.0,-41,14,36
2020-04-26,-66,-33,-58.0,-70.0,-44,15,36
2020-04-27,-59,-23,-37.0,-68.0,-58,25,36
2020-04-28,-54,-15,22.0,-64.0,-57,18,36
2020-04-29,-56,-19,-27.0,-67.0,-58,25,36
2020-04-30,-58,-21,-45.0,-69.0,-58,26,36
2020-05-01,-55,-15,-28.0,-64.0,-56,26,36
2020-05-02,-51,-10,63.0,-54.0,-38,13,36
2020-05-03,-50,-16,71.0,-57.0,-36,10,36
2020-05-04,-51,-17,-11.0,-64.0,-55,23,36
2020-05-05,-49,-9,4.0,-63.0,-55,22,36
2020-05-06,-54,-16,-30.0,-65.0,-55,24,36
2020-05-07,-50,-8,16.0,-62.0,-55,22,36
2020-05-08,-55,-14,-40.0,-65.0,-54,25,36
2020-05-09,-53,-6,-29.0,-59.0,-37,15,36
2020-05-10,-50,-12,22.0,-56.0,-33,10,36
2020-05-11,-55,-23,-31.0,-66.0,-54,23,36
2020-05-12,-50,-12,0.0,-62.0,-53,22,36
2020-05-13,-48,-10,18.0,-61.0,-53,22,36
2020-05-14,-49,-11,15.0,-61.0,-53,22,36
2020-05-15,-50,-12,12.0,-59.0,-52,23,36
2020-05-16,-47,-9,73.0,-52.0,-33,11,36
2020-05-17,-47,-15,54.0,-56.0,-31,10,36
2020-05-18,-47,-14,-3.0,-61.0,-51,21,36
2020-05-19,-44,-9,13.0,-60.0,-51,20,36
2020-05-20,-43,-6,27.0,-59.0,-51,20,36
2020-05-21,-42,-4,39.0,-58.0,-51,20,36
2020-05-22,-45,-6,19.0,-57.0,-50,21,36
2020-05-23,-50,-12,0.0,-58.0,-32,12,36
2020-05-24,-43,-7,93.0,-52.0,-29,7,36
2020-05-25,-49,-15,70.0,-67.0,-73,23,36
2020-05-26,-43,-8,39.0,-57.0,-49,18,36
2020-05-27,-41,-5,40.0,-56.0,-48,19,36
2020-05-28,-44,-7,7.0,-58.0,-49,20,36
2020-05-29,-47,-11,3.0,-57.0,-49,22,36
2020-05-30,-44,-6,77.0,-47.0,-21,9,36
2020-05-31,-43,-11,79.0,-49.0,-21,8,36
2020-06-01,-40,-8,22.0,-56.0,-46,18,36
2020-06-02,-43,-8,14.0,-57.0,-47,19,36
2020-06-03,-43,-7,10.0,-58.0,-47,19,36
2020-06-04,-40,-3,46.0,-55.0,-46,18,36
2020-06-05,-44,-8,4.0,-57.0,-46,19,36
2020-06-06,-42,-4,74.0,-47.0,-21,8,36
2020-06-07,-37,-6,113.0,-45.0,-20,6,36
2020-06-08,-36,-5,49.0,-54.0,-44,16,36
2020-06-09,-36,-2,60.0,-53.0,-44,16,36
2020-06-10,-35,-2,48.0,-52.0,-44,16,36
2020-06-11,-38,-5,12.0,-55.0,-45,17,36
2020-06-12,-37,-2,52.0,-50.0,-43,16,36
2020-06-13,-35,-1,102.0,-41.0,-17,6,36
2020-06-14,-34,-6,113.0,-43.0,-17,5,36
2020-06-15,-32,-6,45.0,-52.0,-43,15,36
2020-06-16,-31,0,62.0,-50.0,-43,15,36
2020-06-17,-31,-1,57.0,-50.0,-43,15,36
2020-06-18,-31,0,52.0,-50.0,-43,15,36
2020-06-19,-33,0,61.0,-48.0,-44,13,36
2020-06-20,-33,5,104.0,-40.0,-16,5,36
2020-06-21,-34,-2,112.0,-41.0,-15,3,36
2020-06-22,-31,-8,48.0,-50.0,-45,14,36
2020-06-23,-28,0,58.0,-47.0,-44,14,36
2020-06-24,-27,-1,60.0,-47.0,-42,14,36
2020-06-25,-27,1,63.0,-47.0,-42,13,36
2020-06-26,-31,-1,64.0,-45.0,-42,13,36
2020-06-27,-34,-4,48.0,-40.0,-19,6,36
2020-06-28,-30,-6,100.0,-39.0,-14,4,36
2020-06-29,-25,-4,55.0,-48.0,-42,13,36
2020-06-30,-23,0,47.0,-47.0,-42,13,36
2020-07-01,-22,3,49.0,-46.0,-42,13,36
2020-07-02,-17,10,86.0,-43.0,-43,11,36
2020-07-03,-25,10,52.0,-50.0,-58,17,36
2020-07-04,-44,-6,129.0,-43.0,-31,4,36
2020-07-05,-31,-12,115.0,-39.0,-20,2,36
2020-07-06,-26,-6,42.0,-49.0,-46,13,36
2020-07-07,-24,2,56.0,-46.0,-44,13,36
2020-07-08,-25,0,46.0,-47.0,-43,13,36
2020-07-09,-23,3,77.0,-45.0,-42,12,36
2020-07-10,-37,-13,-8.0,-53.0,-44,17,36
2020-07-11,-29,-1,48.0,-39.0,-16,6,36
2020-07-12,-23,-3,141.0,-35.0,-16,2,36
2020-07-13,-23,-2,58.0,-47.0,-43,12,36
2020-07-14,-21,1,78.0,-45.0,-42,12,36
2020-07-15,-20,0,79.0,-45.0,-41,12,36
2020-07-16,-22,0,63.0,-46.0,-42,12,36
2020-07-17,-26,-4,40.0,-46.0,-42,13,36
2020-07-18,-26,-3,124.0,-35.0,-16,3,36
2020-07-19,-25,-9,115.0,-39.0,-18,3,36
2020-07-20,-23,-7,57.0,-48.0,-43,12,36
2020-03-23,-50,-25,-53.0,-58.0,-50,21,42
2020-03-24,-45,-19,10.0,-51.0,-51,21,42
2020-03-25,-49,-23,-29.0,-55.0,-52,22,42
2020-03-26,-44,-18,52.0,-50.0,-51,21,42
2020-03-27,-46,-20,27.0,-52.0,-50,23,42
2020-03-28,-58,-33,-53.0,-55.0,-39,17,42
2020-03-29,-50,-27,7.0,-52.0,-38,12,42
2020-03-30,-45,-23,-15.0,-55.0,-51,21,42
2020-03-31,-45,-22,-26.0,-54.0,-53,22,42
2020-04-01,-43,-16,-1.0,-50.0,-53,21,42
2020-04-02,-45,-18,7.0,-53.0,-53,22,42
2020-04-03,-46,-18,-11.0,-54.0,-52,24,42
2020-04-04,-53,-22,14.0,-49.0,-38,15,42
2020-04-05,-50,-24,52.0,-51.0,-39,12,42
2020-04-06,-43,-19,33.0,-53.0,-53,21,42
2020-04-07,-44,-20,18.0,-53.0,-54,21,42
2020-04-08,-44,-18,28.0,-53.0,-54,21,42
2020-04-09,-46,-19,-22.0,-57.0,-55,23,42
2020-04-10,-49,-20,-34.0,-60.0,-61,27,42
2020-04-11,-47,-12,19.0,-50.0,-40,15,42
2020-04-12,-70,-47,31.0,-55.0,-46,12,42
2020-04-13,-53,-30,-40.0,-62.0,-55,23,42
2020-04-14,-43,-18,1.0,-52.0,-52,21,42
2020-04-15,-38,-13,2.0,-51.0,-52,21,42
2020-04-16,-42,-16,-13.0,-54.0,-52,22,42
2020-04-17,-47,-22,-25.0,-56.0,-51,24,42
2020-04-18,-49,-19,-13.0,-49.0,-36,15,42
2020-04-19,-45,-20,71.0,-49.0,-36,11,42
2020-04-20,-41,-21,20.0,-54.0,-51,20,42
2020-04-21,-44,-22,-23.0,-55.0,-52,22,42
2020-04-22,-41,-16,3.0,-52.0,-51,21,42
2020-04-23,-43,-18,-5.0,-54.0,-52,22,42
2020-04-24,-47,-23,-23.0,-57.0,-51,24,42
2020-04-25,-43,-15,85.0,-41.0,-34,12,42
2020-04-26,-51,-26,-49.0,-56.0,-38,13,42
2020-04-27,-38,-17,-1.0,-53.0,-49,20,42
2020-04-28,-35,-13,43.0,-48.0,-50,14,42
2020-04-29,-35,-12,20.0,-49.0,-50,19,42
2020-04-30,-42,-19,-29.0,-52.0,-51,22,42
2020-05-01,-37,-11,15.0,-47.0,-48,21,42
2020-05-02,-37,-8,117.0,-35.0,-31,10,42
2020-05-03,-34,-10,110.0,-41.0,-30,8,42
2020-05-04,-31,-11,29.0,-48.0,-47,17,42
2020-05-05,-30,-7,20.0,-47.0,-47,18,42
2020-05-06,-37,-11,-22.0,-50.0,-48,20,42
2020-05-07,-32,-6,57.0,-44.0,-47,18,42
2020-05-08,-40,-12,-23.0,-49.0,-46,21,42
2020-05-09,-37,0,-8.0,-40.0,-29,12,42
2020-05-10,-30,-5,80.0,-38.0,-27,7,42
2020-05-11,-38,-17,-15.0,-49.0,-45,18,42
2020-05-12,-31,-8,26.0,-44.0,-45,17,42
2020-05-13,-29,-6,67.0,-41.0,-45,16,42
2020-05-14,-31,-7,44.0,-43.0,-45,17,42
2020-05-15,-33,-9,61.0,-46.0,-44,18,42
2020-05-16,-34,-6,128.0,-36.0,-25,8,42
2020-05-17,-31,-11,80.0,-42.0,-26,7,42
2020-05-18,-26,-9,40.0,-48.0,-42,16,42
2020-05-19,-24,-5,45.0,-46.0,-43,16,42
2020-05-20,-25,-3,47.0,-45.0,-43,16,42
2020-05-21,-24,-1,88.0,-42.0,-44,16,42
2020-05-22,-32,-7,24.0,-47.0,-44,18,42
2020-05-23,-34,-3,91.0,-39.0,-24,8,42
2020-05-24,-27,-2,176.0,-41.0,-26,4,42
2020-05-25,-34,-13,138.0,-57.0,-74,20,42
2020-05-26,-24,-6,75.0,-44.0,-42,14,42
2020-05-27,-23,-4,69.0,-42.0,-41,14,42
2020-05-28,-26,-5,29.0,-44.0,-41,16,42
2020-05-29,-30,-8,36.0,-44.0,-39,17,42
2020-05-30,-29,-2,130.0,-30.0,-14,6,42
2020-05-31,-24,-6,142.0,-34.0,-16,5,42
2020-06-01,-21,-6,59.0,-43.0,-39,13,42
2020-06-02,-18,-1,72.0,-40.0,-40,13,42
2020-06-03,-23,-4,38.0,-43.0,-40,14,42
2020-06-04,-22,-1,53.0,-40.0,-40,14,42
2020-06-05,-24,-5,52.0,-39.0,-38,14,42
2020-06-06,-25,-2,139.0,-24.0,-13,4,42
2020-06-07,-17,-2,180.0,-26.0,-14,2,42
2020-06-08,-14,-2,87.0,-35.0,-37,11,42
2020-06-09,-14,0,88.0,-34.0,-37,11,42
2020-06-10,-16,0,59.0,-34.0,-38,12,42
2020-06-11,-16,-1,71.0,-35.0,-38,13,42
2020-06-12,-19,-1,111.0,-31.0,-37,11,42
2020-06-13,-20,0,169.0,-18.0,-11,3,42
2020-06-14,-14,-2,175.0,-22.0,-12,2,42
2020-06-15,-12,-3,88.0,-33.0,-37,11,42
2020-06-16,-10,1,110.0,-31.0,-36,11,42
2020-06-17,-12,1,97.0,-31.0,-37,11,42
2020-06-18,-13,0,82.0,-32.0,-38,11,42
2020-06-19,-18,-2,85.0,-31.0,-38,10,42
2020-06-20,-19,3,134.0,-20.0,-11,3,42
2020-06-21,-14,1,158.0,-22.0,-10,0,42
2020-06-22,-14,-6,66.0,-33.0,-39,11,42
2020-06-23,-11,-1,73.0,-32.0,-38,11,42
2020-06-24,-10,1,104.0,-28.0,-36,10,42
2020-06-25,-11,1,103.0,-28.0,-37,10,42
2020-06-26,-15,-2,117.0,-26.0,-36,10,42
2020-06-27,-18,-2,107.0,-15.0,-13,3,42
2020-06-28,-10,-1,169.0,-15.0,-9,1,42
2020-06-29,-7,0,101.0,-30.0,-36,9,42
2020-06-30,-3,3,101.0,-30.0,-36,9,42
2020-07-01,-2,7,103.0,-26.0,-37,9,42
2020-07-02,1,13,135.0,-23.0,-39,9,42
2020-07-03,-8,12,152.0,-32.0,-58,14,42
2020-07-04,-39,-8,177.0,-31.0,-29,3,42
2020-07-05,-17,-7,161.0,-21.0,-17,1,42
2020-07-06,-11,-5,68.0,-33.0,-41,11,42
2020-07-07,-6,1,86.0,-29.0,-38,10,42
2020-07-08,-8,1,76.0,-29.0,-38,10,42
2020-07-09,-8,3,105.0,-28.0,-38,10,42
2020-07-10,-22,-10,43.0,-36.0,-38,13,42
2020-07-11,-17,0,121.0,-16.0,-12,3,42
2020-07-12,-11,-2,166.0,-18.0,-13,1,42
2020-07-13,-8,-1,99.0,-31.0,-37,9,42
2020-07-14,-5,2,119.0,-29.0,-37,9,42
2020-07-15,-6,3,108.0,-30.0,-36,9,42
2020-07-16,-9,2,97.0,-29.0,-37,10,42
2020-07-17,-16,-1,105.0,-30.0,-37,10,42
2020-07-18,-19,0,166.0,-18.0,-13,2,42
2020-07-19,-13,-2,151.0,-22.0,-15,1,42
2020-07-20,-10,-2,80.0,-34.0,-38,10,42
2020-03-23,-31,-4,-14.0,-34.0,-36,15,48
2020-03-24,-30,-1,-3.0,-32.0,-40,17,48
2020-03-25,-39,-13,-6.0,-37.0,-44,20,48
2020-03-26,-38,-14,-2.0,-39.0,-45,20,48
2020-03-27,-41,-15,-19.0,-42.0,-45,21,48
2020-03-28,-47,-19,-35.0,-43.0,-32,15,48
2020-03-29,-45,-23,-27.0,-47.0,-36,13,48
2020-03-30,-41,-21,-39.0,-45.0,-46,20,48
2020-03-31,-35,-13,-13.0,-39.0,-47,20,48
2020-04-01,-33,-8,-6.0,-38.0,-47,20,48
2020-04-02,-39,-14,-22.0,-43.0,-48,21,48
2020-04-03,-41,-13,-44.0,-47.0,-48,23,48
2020-04-04,-52,-23,-69.0,-52.0,-37,18,48
2020-04-05,-48,-23,-47.0,-53.0,-39,14,48
2020-04-06,-41,-19,-33.0,-46.0,-47,20,48
2020-04-07,-38,-16,-17.0,-42.0,-49,21,48
2020-04-08,-38,-15,-14.0,-42.0,-48,21,48
2020-04-09,-39,-15,-21.0,-44.0,-50,21,48
2020-04-10,-39,-13,-29.0,-48.0,-56,24,48
2020-04-11,-45,-14,-54.0,-49.0,-38,16,48
2020-04-12,-57,-38,-53.0,-53.0,-43,13,48
2020-04-13,-38,-18,-29.0,-45.0,-47,20,48
2020-04-14,-36,-17,-26.0,-42.0,-47,21,48
2020-04-15,-29,-9,-13.0,-39.0,-46,20,48
2020-04-16,-32,-12,-4.0,-41.0,-47,20,48
2020-04-17,-37,-16,-33.0,-43.0,-46,22,48
2020-04-18,-41,-17,-43.0,-42.0,-31,14,48
2020-04-19,-42,-22,-44.0,-49.0,-36,13,48
2020-04-20,-33,-16,-15.0,-42.0,-45,18,48
2020-04-21,-32,-14,-9.0,-40.0,-47,19,48
2020-04-22,-34,-13,-20.0,-41.0,-46,20,48
2020-04-23,-31,-11,6.0,-39.0,-46,19,48
2020-04-24,-33,-11,-10.0,-40.0,-45,20,48
2020-04-25,-37,-11,-14.0,-37.0,-30,12,48
2020-04-26,-35,-15,-15.0,-43.0,-34,10,48
2020-04-27,-29,-13,-11.0,-40.0,-44,18,48
2020-04-28,-30,-12,-14.0,-38.0,-46,13,48
2020-04-29,-27,-7,-3.0,-37.0,-45,19,48
2020-04-30,-25,-6,13.0,-35.0,-45,18,48
2020-05-01,-26,-4,-1.0,-35.0,-43,17,48
2020-05-02,-30,-5,-3.0,-32.0,-26,10,48
2020-05-03,-28,-10,-9.0,-38.0,-28,9,48
2020-05-04,-23,-8,-5.0,-36.0,-41,16,48
2020-05-05,-21,-4,-2.0,-34.0,-42,17,48
2020-05-06,-20,-2,15.0,-33.0,-41,16,48
2020-05-07,-22,-3,16.0,-34.0,-42,16,48
2020-05-08,-23,-2,-6.0,-33.0,-40,17,48
2020-05-09,-23,7,-1.0,-28.0,-22,8,48
2020-05-10,-22,4,-3.0,-32.0,-22,5,48
2020-05-11,-21,-9,2.0,-34.0,-40,15,48
2020-05-12,-22,-7,-11.0,-34.0,-41,17,48
2020-05-13,-18,-2,10.0,-32.0,-39,16,48
2020-05-14,-20,-4,15.0,-34.0,-40,16,48
2020-05-15,-24,-6,-10.0,-35.0,-39,16,48
2020-05-16,-29,-8,-30.0,-35.0,-24,11,48
2020-05-17,-22,-6,-1.0,-34.0,-21,7,48
2020-05-18,-17,-6,3.0,-34.0,-37,14,48
2020-05-19,-15,-4,7.0,-32.0,-38,14,48
2020-05-20,-14,-1,15.0,-30.0,-38,14,48
2020-05-21,-14,-1,20.0,-29.0,-39,14,48
2020-05-22,-17,0,10.0,-28.0,-38,13,48
2020-05-23,-22,-1,10.0,-25.0,-18,6,48
2020-05-24,-22,-8,-6.0,-35.0,-21,6,48
2020-05-25,-22,-9,-5.0,-42.0,-69,22,48
2020-05-26,-15,-3,4.0,-31.0,-37,14,48
2020-05-27,-14,-3,9.0,-30.0,-36,14,48
2020-05-28,-13,-2,18.0,-30.0,-37,14,48
2020-05-29,-15,-1,13.0,-28.0,-35,13,48
2020-05-30,-19,-2,15.0,-22.0,-10,5,48
2020-05-31,-18,-7,-5.0,-29.0,-13,6,48
2020-06-01,-12,-3,1.0,-30.0,-35,12,48
2020-06-02,-11,-2,14.0,-28.0,-36,13,48
2020-06-03,-9,3,15.0,-28.0,-35,12,48
2020-06-04,-11,0,26.0,-27.0,-36,12,48
2020-06-05,-14,0,12.0,-27.0,-35,12,48
2020-06-06,-18,-1,15.0,-23.0,-13,5,48
2020-06-07,-15,-4,4.0,-28.0,-15,5,48
2020-06-08,-13,-5,4.0,-29.0,-35,12,48
2020-06-09,-12,-3,10.0,-28.0,-36,12,48
2020-06-10,-9,0,26.0,-26.0,-34,12,48
2020-06-11,-10,-1,35.0,-26.0,-36,12,48
2020-06-12,-13,0,20.0,-25.0,-35,11,48
2020-06-13,-17,-1,23.0,-20.0,-11,4,48
2020-06-14,-14,-4,11.0,-25.0,-13,4,48
2020-06-15,-12,-4,13.0,-27.0,-35,11,48
2020-06-16,-11,-2,21.0,-26.0,-36,12,48
2020-06-17,-10,1,27.0,-25.0,-35,12,48
2020-06-18,-11,-1,35.0,-25.0,-37,12,48
2020-06-19,-14,0,17.0,-24.0,-37,10,48
2020-06-20,-17,2,12.0,-22.0,-13,5,48
2020-06-21,-19,-3,-7.0,-27.0,-13,4,48
2020-06-22,-18,-10,-4.0,-29.0,-39,13,48
2020-06-23,-15,-6,0.0,-28.0,-40,14,48
2020-06-24,-13,-3,12.0,-27.0,-37,13,48
2020-06-25,-15,-5,18.0,-28.0,-39,14,48
2020-06-26,-20,-5,-1.0,-28.0,-38,14,48
2020-06-27,-24,-6,3.0,-24.0,-15,7,48
2020-06-28,-23,-11,-11.0,-29.0,-14,7,48
2020-06-29,-17,-8,4.0,-28.0,-38,13,48
2020-06-30,-13,-4,9.0,-28.0,-40,13,48
2020-07-01,-11,1,14.0,-24.0,-39,13,48
2020-07-02,-10,3,22.0,-23.0,-42,13,48
2020-07-03,-15,7,13.0,-29.0,-56,17,48
2020-07-04,-36,-6,0.0,-35.0,-30,9,48
2020-07-05,-28,-17,-23.0,-32.0,-22,7,48
2020-07-06,-17,-8,-6.0,-29.0,-43,14,48
2020-07-07,-17,-6,3.0,-27.0,-42,15,48
2020-07-08,-16,-4,12.0,-27.0,-40,14,48
2020-07-09,-16,-5,19.0,-27.0,-41,14,48
2020-07-10,-20,-6,2.0,-29.0,-40,14,48
2020-07-11,-24,-6,-6.0,-25.0,-16,7,48
2020-07-12,-22,-10,-15.0,-30.0,-18,7,48
2020-07-13,-18,-8,-7.0,-30.0,-41,13,48
2020-07-14,-16,-6,4.0,-29.0,-42,14,48
2020-07-15,-15,-3,7.0,-28.0,-40,14,48
2020-07-16,-16,-5,15.0,-28.0,-41,14,48
2020-07-17,-20,-6,1.0,-28.0,-40,14,48
2020-07-18,-23,-7,1.0,-25.0,-16,7,48
2020-07-19,-21,-10,-8.0,-29.0,-19,6,48
2020-07-20,-18,-10,-3.0,-29.0,-41,13,48
2020-03-23,-34,-10,-29.0,-49.0,-40,19,51
2020-03-24,-31,-7,29.0,-43.0,-42,17,51
2020-03-25,-39,-17,-28.0,-49.0,-46,21,51
2020-03-26,-35,-9,34.0,-46.0,-45,19,51
2020-03-27,-37,-13,41.0,-49.0,-44,20,51
2020-03-28,-42,-14,24.0,-44.0,-31,12,51
2020-03-29,-39,-16,46.0,-50.0,-36,11,51
2020-03-30,-32,-8,21.0,-49.0,-44,18,51
2020-03-31,-40,-17,-15.0,-51.0,-48,21,51
2020-04-01,-38,-12,-11.0,-50.0,-49,21,51
2020-04-02,-38,-12,9.0,-52.0,-49,21,51
2020-04-03,-38,-12,13.0,-52.0,-48,22,51
2020-04-04,-45,-14,4.0,-51.0,-34,14,51
2020-04-05,-44,-18,21.0,-56.0,-39,12,51
2020-04-06,-38,-15,18.0,-54.0,-48,20,51
2020-04-07,-37,-12,29.0,-50.0,-50,20,51
2020-04-08,-38,-13,24.0,-49.0,-52,21,51
2020-04-09,-38,-12,15.0,-53.0,-51,21,51
2020-04-10,-39,-14,-7.0,-56.0,-54,24,51
2020-04-11,-40,-9,17.0,-49.0,-36,13,51
2020-04-12,-59,-29,-8.0,-59.0,-44,12,51
2020-04-13,-44,-24,-14.0,-58.0,-52,23,51
2020-04-14,-36,-14,24.0,-49.0,-49,20,51
2020-04-15,-33,-12,1.0,-49.0,-50,21,51
2020-04-16,-34,-12,14.0,-50.0,-49,20,51
2020-04-17,-36,-15,19.0,-51.0,-48,21,51
2020-04-18,-43,-14,-13.0,-48.0,-33,14,51
2020-04-19,-40,-15,22.0,-53.0,-36,11,51
2020-04-20,-38,-19,-11.0,-54.0,-48,21,51
2020-04-21,-34,-12,25.0,-48.0,-49,20,51
2020-04-22,-32,-11,32.0,-45.0,-49,19,51
2020-04-23,-38,-16,-17.0,-51.0,-49,22,51
2020-04-24,-38,-17,1.0,-52.0,-49,22,51
2020-04-25,-41,-13,6.0,-44.0,-32,12,51
2020-04-26,-41,-15,-8.0,-52.0,-37,11,51
2020-04-27,-33,-14,0.0,-51.0,-46,19,51
2020-04-28,-32,-11,23.0,-46.0,-48,14,51
2020-04-29,-29,-8,40.0,-43.0,-49,18,51
2020-04-30,-38,-18,-30.0,-52.0,-50,22,51
2020-05-01,-30,-8,13.0,-45.0,-47,20,51
2020-05-02,-33,-3,68.0,-32.0,-29,9,51
2020-05-03,-34,-8,39.0,-45.0,-33,9,51
2020-05-04,-26,-7,39.0,-45.0,-45,17,51
2020-05-05,-28,-6,5.0,-45.0,-47,19,51
2020-05-06,-30,-8,3.0,-45.0,-48,19,51
2020-05-07,-28,-4,44.0,-42.0,-47,18,51
2020-05-08,-32,-7,3.0,-45.0,-46,20,51
2020-05-09,-32,4,8.0,-36.0,-28,10,51
2020-05-10,-29,-2,44.0,-41.0,-30,7,51
2020-05-11,-31,-11,13.0,-46.0,-44,18,51
2020-05-12,-28,-5,42.0,-41.0,-45,17,51
2020-05-13,-27,-5,48.0,-40.0,-46,18,51
2020-05-14,-29,-6,40.0,-42.0,-46,18,51
2020-05-15,-28,-5,68.0,-41.0,-45,17,51
2020-05-16,-31,-3,74.0,-31.0,-25,8,51
2020-05-17,-30,-9,48.0,-40.0,-27,8,51
2020-05-18,-30,-12,-7.0,-47.0,-43,18,51
2020-05-19,-26,-7,8.0,-43.0,-44,18,51
2020-05-20,-27,-6,6.0,-41.0,-45,18,51
2020-05-21,-27,-6,14.0,-41.0,-45,18,51
2020-05-22,-26,-4,37.0,-39.0,-45,18,51
2020-05-23,-29,0,89.0,-27.0,-22,7,51
2020-05-24,-29,-7,62.0,-40.0,-27,7,51
2020-05-25,-28,-8,103.0,-48.0,-73,22,51
2020-05-26,-23,-4,64.0,-39.0,-43,15,51
2020-05-27,-23,-4,44.0,-36.0,-43,16,51
2020-05-28,-24,-4,23.0,-40.0,-42,17,51
2020-05-29,-25,-6,40.0,-38.0,-41,17,51
2020-05-30,-27,-2,78.0,-26.0,-13,7,51
2020-05-31,-23,-4,96.0,-30.0,-17,5,51
2020-06-01,-17,-1,58.0,-38.0,-39,14,51
2020-06-02,-18,0,76.0,-35.0,-40,14,51
2020-06-03,-17,3,63.0,-34.0,-41,14,51
2020-06-04,-20,1,48.0,-36.0,-41,15,51
2020-06-05,-22,-3,50.0,-35.0,-40,15,51
2020-06-06,-23,1,92.0,-20.0,-14,5,51
2020-06-07,-19,-1,116.0,-26.0,-17,4,51
2020-06-08,-16,-3,70.0,-35.0,-38,13,51
2020-06-09,-15,1,85.0,-33.0,-39,13,51
2020-06-10,-15,0,60.0,-33.0,-40,14,51
2020-06-11,-17,-1,50.0,-35.0,-40,14,51
2020-06-12,-17,0,94.0,-30.0,-39,13,51
2020-06-13,-19,3,141.0,-14.0,-11,4,51
2020-06-14,-17,-2,109.0,-23.0,-15,4,51
2020-06-15,-17,-5,37.0,-36.0,-38,14,51
2020-06-16,-16,-3,49.0,-35.0,-40,14,51
2020-06-17,-17,-3,25.0,-34.0,-41,15,51
2020-06-18,-14,1,69.0,-32.0,-40,13,51
2020-06-19,-17,-2,72.0,-30.0,-41,12,51
2020-06-20,-20,4,70.0,-18.0,-12,5,51
2020-06-21,-16,1,104.0,-22.0,-14,3,51
2020-06-22,-19,-7,47.0,-34.0,-40,13,51
2020-06-23,-11,3,104.0,-29.0,-40,12,51
2020-06-24,-11,2,99.0,-27.0,-40,12,51
2020-06-25,-14,0,77.0,-29.0,-40,13,51
2020-06-26,-15,0,111.0,-26.0,-38,11,51
2020-06-27,-19,2,129.0,-10.0,-12,3,51
2020-06-28,-17,-3,91.0,-20.0,-13,4,51
2020-06-29,-12,-1,81.0,-31.0,-37,12,51
2020-06-30,-8,3,102.0,-28.0,-39,11,51
2020-07-01,-7,5,76.0,-25.0,-40,12,51
2020-07-02,-2,12,112.0,-23.0,-41,10,51
2020-07-03,-8,11,151.0,-28.0,-59,15,51
2020-07-04,-33,0,139.0,-27.0,-27,4,51
2020-07-05,-20,-7,91.0,-20.0,-19,3,51
2020-07-06,-11,-1,75.0,-29.0,-42,12,51
2020-07-07,-11,3,102.0,-28.0,-41,12,51
2020-07-08,-10,3,89.0,-28.0,-40,12,51
2020-07-09,-11,1,85.0,-30.0,-40,12,51
2020-07-10,-15,-2,89.0,-29.0,-39,12,51
2020-07-11,-17,3,118.0,-15.0,-12,3,51
2020-07-12,-15,-2,104.0,-22.0,-15,4,51
2020-07-13,-12,-2,75.0,-32.0,-39,12,51
2020-07-14,-10,2,111.0,-31.0,-40,12,51
2020-07-15,-8,2,94.0,-30.0,-40,12,51
2020-07-16,-11,1,91.0,-30.0,-40,12,51
2020-07-17,-14,-1,85.0,-29.0,-39,12,51
2020-07-18,-17,3,116.0,-16.0,-13,4,51
2020-07-19,-16,-2,87.0,-24.0,-17,4,51
2020-07-20,-14,-3,53.0,-35.0,-40,12,51
