date,f1,f2,fips
2020-03-23,-0.3250823636363636,0.2877774545454545,6
2020-03-24,-0.34841,0.2973025454545454,6
2020-03-25,-0.3515412727272727,0.2908274545454545,6
2020-03-26,-0.3502563636363636,0.2831703636363636,6
2020-03-27,-0.3558887272727272,0.2718270909090909,6
2020-03-28,-0.402034,0.3339494545454545,6
2020-03-29,-0.4089807272727272,0.3618181818181818,6
2020-03-30,-0.3313685454545454,0.2838852727272727,6
2020-03-31,-0.3187850909090908,0.2785114545454545,6
2020-04-01,-0.3040629090909091,0.2645581818181818,6
2020-04-02,-0.3219076363636364,0.2731323636363636,6
2020-04-03,-0.3112331481481481,0.253694074074074,6
2020-04-04,-0.3991503636363636,0.336048,6
2020-04-05,-0.4590170909090909,0.4016218181818181,6
2020-04-06,-0.3707883636363636,0.30861,6
2020-04-07,-0.3443787272727272,0.2921903636363636,6
2020-04-08,-0.358410909090909,0.2925376363636363,6
2020-04-09,-0.3795274545454545,0.2999958181818181,6
2020-04-10,-0.3635587272727272,0.2777745454545454,6
2020-04-11,-0.3603503636363636,0.3080827272727273,6
2020-04-12,-0.4060445454545454,0.3526552727272727,6
2020-04-13,-0.3148135185185185,0.2774777777777777,6
2020-04-14,-0.2939291071428571,0.2678239285714285,6
2020-04-15,-0.2823292857142857,0.2602089285714286,6
2020-04-16,-0.3021307142857142,0.2682067857142857,6
2020-04-17,-0.3205176363636363,0.2644149090909091,6
2020-04-18,-0.3239772727272726,0.3025994545454545,6
2020-04-19,-0.3210278181818182,0.3305349090909091,6
2020-04-20,-0.2882210909090909,0.2721245454545454,6
2020-04-21,-0.2817551851851851,0.2666427777777778,6
2020-04-22,-0.298534074074074,0.2650318518518518,6
2020-04-23,-0.303152037037037,0.2657129629629629,6
2020-04-24,-0.2999249090909091,0.2529789090909091,6
2020-04-25,-0.2832854545454545,0.2855094545454545,6
2020-04-26,-0.2742294642857142,0.3122758928571428,6
2020-04-27,-0.2547259999999999,0.2574710909090908,6
2020-04-28,-0.2464074545454545,0.2542832727272727,6
2020-04-29,-0.257356,0.2527403636363636,6
2020-04-30,-0.2551843636363636,0.2471812727272727,6
2020-05-01,-0.2315834545454545,0.2259025454545454,6
2020-05-02,-0.2355245454545454,0.2679756363636363,6
2020-05-03,-0.2155703636363636,0.2915641818181818,6
2020-05-04,-0.2036968518518518,0.2365596296296296,6
2020-05-05,-0.2055190909090909,0.2355414545454545,6
2020-05-06,-0.2182087272727272,0.2358114545454545,6
2020-05-07,-0.2352463636363636,0.2388830909090909,6
2020-05-08,-0.2198607272727272,0.2269163636363636,6
2020-05-09,-0.1797794545454545,0.2481081818181818,6
2020-05-10,-0.1630794642857142,0.2633532142857143,6
2020-05-11,-0.1995563636363636,0.2421565454545454,6
2020-05-12,-0.2192281481481481,0.2502772222222222,6
2020-05-13,-0.223302909090909,0.2397243636363636,6
2020-05-14,-0.2239770909090909,0.2404058181818182,6
2020-05-15,-0.2043818181818181,0.2191703636363636,6
2020-05-16,-0.1805256363636363,0.2510570909090909,6
2020-05-17,-0.2176830909090909,0.3016403636363636,6
2020-05-18,-0.225562909090909,0.248790909090909,6
2020-05-19,-0.1935616363636363,0.2366307272727272,6
2020-05-20,-0.1905587272727272,0.2262043636363636,6
2020-05-21,-0.1883619999999999,0.2226776363636363,6
2020-05-22,-0.169076909090909,0.2123832727272727,6
2020-05-23,-0.1332874545454545,0.2343476363636363,6
2020-05-24,-0.1159238181818181,0.2600269090909091,6
2020-05-25,-0.2183670909090909,0.2610496363636364,6
2020-05-26,-0.147952909090909,0.2217327272727272,6
2020-05-27,-0.1699899999999999,0.2240181818181818,6
2020-05-28,-0.1632954545454545,0.2210367272727272,6
2020-05-29,-0.165582909090909,0.2062534545454545,6
2020-05-30,-0.1782263636363636,0.247978909090909,6
2020-05-31,-0.1222805454545454,0.264782909090909,6
2020-06-01,-0.1156014545454545,0.2125045454545454,6
2020-06-02,-0.1274074545454545,0.2126056363636363,6
2020-06-03,-0.1431910909090909,0.2095121818181818,6
2020-06-04,-0.1394485454545454,0.2085592727272727,6
2020-06-05,-0.1346674545454545,0.1970570909090909,6
2020-06-06,-0.1080603636363636,0.2234672727272727,6
2020-06-07,-0.0740041818181818,0.2526636363636363,6
2020-06-08,-0.107250909090909,0.2081130909090909,6
2020-06-09,-0.1011074545454545,0.2066689090909091,6
2020-06-10,-0.1230796363636363,0.204532,6
2020-06-11,-0.1319045454545454,0.2035292727272727,6
2020-06-12,-0.1297865454545454,0.1966261818181818,6
2020-06-13,-0.086240909090909,0.2193332727272727,6
2020-06-14,-0.0169116363636363,0.2387445454545454,6
2020-06-15,-0.0803774545454545,0.2042619999999999,6
2020-06-16,-0.0782454545454545,0.2010903636363636,6
2020-06-17,-0.110538,0.1989578181818181,6
2020-06-18,-0.1080325454545454,0.1984369090909091,6
2020-06-19,-0.099686909090909,0.1898,6
2020-06-20,-0.048830909090909,0.2096492727272727,6
2020-06-21,-0.0006718181818181,0.2227350909090909,6
2020-06-22,-0.0790730909090909,0.2030007272727272,6
2020-06-23,-0.0877936363636363,0.2046770909090909,6
2020-06-24,-0.1085432727272727,0.2009139999999999,6
2020-06-25,-0.1171214545454545,0.2027387272727272,6
2020-06-26,-0.1154301818181818,0.1925956363636363,6
2020-06-27,-0.0719490909090909,0.2181314545454545,6
2020-06-28,-0.0109107272727272,0.2397405454545454,6
2020-06-29,-0.0723241818181818,0.2029836363636363,6
2020-06-30,-0.0825245454545454,0.2007312727272727,6
2020-07-01,-0.0770778181818181,0.192052909090909,6
2020-07-02,-0.0716516363636363,0.1913892727272727,6
2020-07-03,-0.1191923636363636,0.1954256363636363,6
2020-07-04,-0.1791469090909091,0.2277763636363636,6
2020-07-05,-0.0108452727272727,0.2354823636363636,6
2020-07-06,-0.0598427272727272,0.2051443636363636,6
2020-07-07,-0.0750501818181818,0.202264909090909,6
2020-07-08,-0.1101119999999999,0.2011672727272727,6
2020-07-09,-0.1134203636363636,0.2049323636363636,6
2020-07-10,-0.123418909090909,0.1974950909090908,6
2020-07-11,-0.0868936363636363,0.2211692727272727,6
2020-07-12,-0.0307838181818181,0.2481765454545454,6
2020-07-13,-0.0751941818181818,0.2070396363636363,6
2020-07-14,-0.0956974545454545,0.2067285454545454,6
2020-07-15,-0.1185496363636363,0.2069641818181817,6
2020-07-16,-0.1274758181818182,0.207500909090909,6
2020-07-17,-0.1256,0.2022841818181818,6
2020-07-18,-0.0845712727272727,0.2262212727272727,6
2020-07-19,-0.0302774545454545,0.251212,6
2020-07-20,-0.0856987272727272,0.2127843636363636,6
2020-03-23,-0.39705375,0.3341112499999999,9
2020-03-24,-0.33451625,0.29738125,9
2020-03-25,-0.3743262499999999,0.3177925,9
2020-03-26,-0.3212475,0.27881125,9
2020-03-27,-0.3182975,0.2602612499999999,9
2020-03-28,-0.38121,0.33891875,9
2020-03-29,-0.48298,0.43477625,9
2020-03-30,-0.38693625,0.319085,9
2020-03-31,-0.33704875,0.2998125,9
2020-04-01,-0.33052,0.28761375,9
2020-04-02,-0.35743375,0.30737625,9
2020-04-03,-0.39504375,0.3073125,9
2020-04-04,-0.35423,0.32622125,9
2020-04-05,-0.38463875,0.37509,9
2020-04-06,-0.325085,0.2870675,9
2020-04-07,-0.30885625,0.2890075,9
2020-04-08,-0.37347375,0.31708125,9
2020-04-09,-0.4087925,0.3437575,9
2020-04-10,-0.38658125,0.31122,9
2020-04-11,-0.328445,0.31869125,9
2020-04-12,-0.40889,0.3832312499999999,9
2020-04-13,-0.48922625,0.3975674999999999,9
2020-04-14,-0.29150125,0.2835912499999999,9
2020-04-15,-0.296215,0.2879899999999999,9
2020-04-16,-0.3078625,0.29530875,9
2020-04-17,-0.32237375,0.27725125,9
2020-04-18,-0.41590875,0.3747925,9
2020-04-19,-0.27113,0.33113125,9
2020-04-20,-0.318785,0.29391375,9
2020-04-21,-0.3579375,0.33117375,9
2020-04-22,-0.32172625,0.2998512499999999,9
2020-04-23,-0.310365,0.2985125,9
2020-04-24,-0.3808662499999999,0.30851375,9
2020-04-25,-0.21856375,0.2759237499999999,9
2020-04-26,-0.39146375,0.39802125,9
2020-04-27,-0.35024,0.31972,9
2020-04-28,-0.2458499999999999,0.26999375,9
2020-04-29,-0.27075,0.2761,9
2020-04-30,-0.334665,0.31376875,9
2020-05-01,-0.29932,0.26124625,9
2020-05-02,-0.1686125,0.25327625,9
2020-05-03,-0.1341525,0.2798775,9
2020-05-04,-0.23935125,0.2592275,9
2020-05-05,-0.1931574999999999,0.2477525,9
2020-05-06,-0.2555099999999999,0.27219,9
2020-05-07,-0.21646875,0.2519174999999999,9
2020-05-08,-0.2618287499999999,0.2581875,9
2020-05-09,-0.2438525,0.2971924999999999,9
2020-05-10,-0.166545,0.2873887499999999,9
2020-05-11,-0.27846875,0.27919125,9
2020-05-12,-0.19788125,0.2557287499999999,9
2020-05-13,-0.20286125,0.2467112499999999,9
2020-05-14,-0.1633599999999999,0.2395399999999999,9
2020-05-15,-0.2034512499999999,0.2283937499999999,9
2020-05-16,-0.1163099999999999,0.24086875,9
2020-05-17,-0.14139,0.28081875,9
2020-05-18,-0.2192999999999999,0.25341125,9
2020-05-19,-0.1712725,0.2380074999999999,9
2020-05-20,-0.15674125,0.2284099999999999,9
2020-05-21,-0.1401937499999999,0.2225037499999999,9
2020-05-22,-0.1413624999999999,0.20482625,9
2020-05-23,-0.2097437499999999,0.27403875,9
2020-05-24,-0.076415,0.2517825,9
2020-05-25,-0.3187175,0.27592,9
2020-05-26,-0.1316937499999999,0.2201137499999999,9
2020-05-27,-0.1332,0.2181137499999999,9
2020-05-28,-0.16588,0.23434875,9
2020-05-29,-0.1844799999999999,0.2166012499999999,9
2020-05-30,-0.0898449999999999,0.2272812499999999,9
2020-05-31,-0.0543724999999999,0.2499324999999999,9
2020-06-01,-0.13884375,0.215135,9
2020-06-02,-0.117825,0.21474625,9
2020-06-03,-0.128655,0.2073775,9
2020-06-04,-0.0994474999999999,0.20132375,9
2020-06-05,-0.1573774999999999,0.2046575,9
2020-06-06,-0.0936699999999999,0.2243624999999999,9
2020-06-07,-0.02175375,0.240445,9
2020-06-08,-0.1116824999999999,0.2035887499999999,9
2020-06-09,-0.0729575,0.20033875,9
2020-06-10,-0.0938512499999999,0.1990625,9
2020-06-11,-0.16586125,0.22538375,9
2020-06-12,-0.0889887499999999,0.1819849999999999,9
2020-06-13,-0.0132549999999999,0.1973887499999999,9
2020-06-14,0.00518875,0.2333187499999999,9
2020-06-15,-0.0966812499999999,0.2013262499999999,9
2020-06-16,-0.0544199999999999,0.19467875,9
2020-06-17,-0.0625712499999999,0.187465,9
2020-06-18,-0.0570012499999999,0.186935,9
2020-06-19,-0.0666325,0.17859875,9
2020-06-20,0.003955,0.19230625,9
2020-06-21,0.0249299999999999,0.2174987499999999,9
2020-06-22,-0.0816149999999999,0.19781875,9
2020-06-23,-0.05795,0.19427375,9
2020-06-24,-0.0751675,0.1941187499999999,9
2020-06-25,-0.0401224999999999,0.1868599999999999,9
2020-06-26,-0.0584175,0.17552125,9
2020-06-27,-0.0671074999999999,0.21912125,9
2020-06-28,-0.0298312499999999,0.243985,9
2020-06-29,-0.1187149999999999,0.2112912499999999,9
2020-06-30,-0.0849825,0.20375625,9
2020-07-01,-0.07108,0.18950375,9
2020-07-02,-0.0021562499999999,0.1765575,9
2020-07-03,-0.1230675,0.20013375,9
2020-07-04,-0.1423199999999999,0.2143287499999999,9
2020-07-05,0.01178625,0.2189299999999999,9
2020-07-06,-0.06044625,0.1944874999999999,9
2020-07-07,-0.06018,0.1936525,9
2020-07-08,-0.1048562499999999,0.1983374999999999,9
2020-07-09,-0.05628125,0.18635,9
2020-07-10,-0.1216199999999999,0.1920262499999999,9
2020-07-11,-0.0715124999999999,0.21513,9
2020-07-12,0.0233312499999999,0.23318375,9
2020-07-13,-0.0729474999999999,0.19436375,9
2020-07-14,-0.0407887499999999,0.1858525,9
2020-07-15,-0.0515125,0.1835012499999999,9
2020-07-16,-0.0351712499999999,0.18022375,9
2020-07-17,-0.0839287499999999,0.18384625,9
2020-07-18,-0.00361875,0.1995074999999999,9
2020-07-19,0.0201312499999999,0.23552625,9
2020-07-20,-0.0891424999999999,0.1997199999999999,9
2020-03-23,-0.2196395454545454,0.2381449999999999,12
2020-03-24,-0.2290945454545454,0.2411254545454545,12
2020-03-25,-0.2413834848484848,0.2410704545454545,12
2020-03-26,-0.2473490909090908,0.2417177272727272,12
2020-03-27,-0.2600668181818182,0.236610606060606,12
2020-03-28,-0.2897475757575757,0.2756951515151515,12
2020-03-29,-0.3059068181818182,0.3166657575757575,12
2020-03-30,-0.2634965151515152,0.2536409090909091,12
2020-03-31,-0.2659366666666666,0.2561216666666666,12
2020-04-01,-0.240470909090909,0.2356284848484848,12
2020-04-02,-0.2476028787878788,0.2428499999999999,12
2020-04-03,-0.3047071212121212,0.2510515151515151,12
2020-04-04,-0.3597731818181818,0.2992489393939394,12
2020-04-05,-0.4084619696969697,0.3604040909090909,12
2020-04-06,-0.3091469696969697,0.2724759090909091,12
2020-04-07,-0.2947343939393939,0.267220606060606,12
2020-04-08,-0.3091533333333333,0.2665415151515151,12
2020-04-09,-0.3011992424242424,0.2631942424242424,12
2020-04-10,-0.3179195454545454,0.2570468181818182,12
2020-04-11,-0.322725606060606,0.2782734848484848,12
2020-04-12,-0.3964995454545454,0.3456843939393939,12
2020-04-13,-0.3000589393939394,0.2697233333333333,12
2020-04-14,-0.2930784848484848,0.2698169696969696,12
2020-04-15,-0.2765812121212121,0.261490606060606,12
2020-04-16,-0.2722140909090909,0.2593169696969697,12
2020-04-17,-0.2683831818181818,0.2392116666666666,12
2020-04-18,-0.3065392424242424,0.2876428787878788,12
2020-04-19,-0.2949871212121212,0.3162165151515151,12
2020-04-20,-0.2715278787878787,0.2638257575757575,12
2020-04-21,-0.2382884848484848,0.248640303030303,12
2020-04-22,-0.238040909090909,0.2437687878787878,12
2020-04-23,-0.2744568181818181,0.258375303030303,12
2020-04-24,-0.2899178787878788,0.2573354545454545,12
2020-04-25,-0.2562896969696969,0.268210303030303,12
2020-04-26,-0.2558566666666667,0.3059484848484848,12
2020-04-27,-0.2193377272727272,0.2414778787878787,12
2020-04-28,-0.2028578787878787,0.237305303030303,12
2020-04-29,-0.213340909090909,0.2350522727272727,12
2020-04-30,-0.2241524242424242,0.240585909090909,12
2020-05-01,-0.1759663636363636,0.2058104545454545,12
2020-05-02,-0.1618371212121212,0.2354384848484848,12
2020-05-03,-0.1630859090909091,0.2736131818181818,12
2020-05-04,-0.1523036363636363,0.2158143939393939,12
2020-05-05,-0.1601719696969696,0.2142754545454545,12
2020-05-06,-0.1632746969696969,0.2180686363636363,12
2020-05-07,-0.15405,0.2147612121212121,12
2020-05-08,-0.1579842424242424,0.202085303030303,12
2020-05-09,-0.1251554545454545,0.2211237878787878,12
2020-05-10,-0.1500292424242424,0.2600271212121212,12
2020-05-11,-0.1404980303030303,0.2141243939393939,12
2020-05-12,-0.1395454545454545,0.2123566666666666,12
2020-05-13,-0.1418293939393939,0.2075522727272727,12
2020-05-14,-0.15036,0.2089957575757575,12
2020-05-15,-0.1507927272727272,0.1996671212121212,12
2020-05-16,-0.1167839393939393,0.223450606060606,12
2020-05-17,-0.108610606060606,0.2572168181818181,12
2020-05-18,-0.1512313636363636,0.220745606060606,12
2020-05-19,-0.1330212121212121,0.2080796969696969,12
2020-05-20,-0.1360780303030302,0.2056522727272727,12
2020-05-21,-0.1225831818181818,0.2017272727272727,12
2020-05-22,-0.1051092424242424,0.1867427272727272,12
2020-05-23,-0.0886024242424242,0.2146339393939393,12
2020-05-24,-0.0953539393939393,0.2525804545454546,12
2020-05-25,-0.2643219696969696,0.2703071212121212,12
2020-05-26,-0.1335327272727272,0.2109612121212121,12
2020-05-27,-0.1256699999999999,0.2044487878787878,12
2020-05-28,-0.1215390769230769,0.2005750769230769,12
2020-05-29,-0.1158372307692307,0.1892538461538461,12
2020-05-30,-0.0700830303030303,0.2110789393939393,12
2020-05-31,-0.0598977272727272,0.2424265151515151,12
2020-06-01,-0.0752916666666666,0.1938098484848484,12
2020-06-02,-0.098120923076923,0.1973058461538461,12
2020-06-03,-0.1068061538461538,0.196480923076923,12
2020-06-04,-0.1213007575757575,0.2017315151515151,12
2020-06-05,-0.1131781538461538,0.1849783076923077,12
2020-06-06,-0.124920303030303,0.2342431818181818,12
2020-06-07,-0.1702183333333333,0.2802440909090908,12
2020-06-08,-0.1150604545454545,0.2047113636363636,12
2020-06-09,-0.1096592424242424,0.2015843939393939,12
2020-06-10,-0.1053867692307692,0.1919030769230769,12
2020-06-11,-0.0918249999999999,0.1923378787878787,12
2020-06-12,-0.0844181818181818,0.1797637878787878,12
2020-06-13,-0.043135909090909,0.2064969696969696,12
2020-06-14,-0.0219798484848484,0.2348372727272727,12
2020-06-15,-0.066645303030303,0.1915274242424242,12
2020-06-16,-0.0733157575757575,0.1893296969696969,12
2020-06-17,-0.0734675384615384,0.1864626153846153,12
2020-06-18,-0.0754196923076923,0.1859463076923076,12
2020-06-19,-0.0700650769230769,0.1807952307692307,12
2020-06-20,-0.0108569696969696,0.1982342424242424,12
2020-06-21,-0.0074145454545454,0.2257795454545454,12
2020-06-22,-0.0680358461538461,0.195816,12
2020-06-23,-0.1005447692307692,0.2006736923076923,12
2020-06-24,-0.0989718461538461,0.1947187692307692,12
2020-06-25,-0.0949918461538461,0.1936618461538461,12
2020-06-26,-0.0877346153846153,0.185338923076923,12
2020-06-27,-0.0573726153846153,0.2155924615384615,12
2020-06-28,-0.0543066153846153,0.2475332307692307,12
2020-06-29,-0.0880901538461538,0.2042384615384615,12
2020-06-30,-0.0915107692307692,0.2005641538461538,12
2020-07-01,-0.085964923076923,0.1954206153846154,12
2020-07-02,-0.0610406153846153,0.1898712307692307,12
2020-07-03,-0.1175724615384615,0.194656,12
2020-07-04,-0.1944075384615384,0.2343938461538461,12
2020-07-05,-0.081644,0.2536535384615384,12
2020-07-06,-0.1038167692307692,0.2133690769230769,12
2020-07-07,-0.1183999999999999,0.2080032307692307,12
2020-07-08,-0.1195047692307692,0.2023586153846154,12
2020-07-09,-0.1055195384615384,0.1984507692307692,12
2020-07-10,-0.1137953846153846,0.1924236923076923,12
2020-07-11,-0.0932861538461538,0.2249073846153846,12
2020-07-12,-0.0822546969696969,0.2577940909090909,12
2020-07-13,-0.097068923076923,0.2069476923076923,12
2020-07-14,-0.1109464615384615,0.2081866153846153,12
2020-07-15,-0.1165827692307692,0.205402,12
2020-07-16,-0.1206199999999999,0.2024090769230769,12
2020-07-17,-0.1117084615384615,0.1942893846153846,12
2020-07-18,-0.0830430769230769,0.2226364615384615,12
2020-07-19,-0.0743973846153846,0.2560238461538461,12
2020-07-20,-0.106686923076923,0.2110113846153846,12
2020-03-23,-0.211809420289855,0.2251531884057971,13
2020-03-24,-0.2174592700729926,0.2284523357664233,13
2020-03-25,-0.2118443795620437,0.2132410218978102,13
2020-03-26,-0.1842458394160583,0.2101503649635036,13
2020-03-27,-0.2157848175182481,0.1999745255474452,13
2020-03-28,-0.2326661870503596,0.2328476258992805,13
2020-03-29,-0.2459386330935251,0.2767656115107913,13
2020-03-30,-0.1997836496350364,0.2179783211678832,13
2020-03-31,-0.2278978102189781,0.2393270802919708,13
2020-04-01,-0.195706304347826,0.2096242753623188,13
2020-04-02,-0.1487110869565217,0.1991223188405796,13
2020-04-03,-0.2198348920863309,0.1998982014388489,13
2020-04-04,-0.3600270289855072,0.2772249275362318,13
2020-04-05,-0.3506287234042552,0.3148921276595744,13
2020-04-06,-0.2541925179856115,0.2380009352517985,13
2020-04-07,-0.2418165217391304,0.2411960144927536,13
2020-04-08,-0.2673681159420289,0.2406518115942029,13
2020-04-09,-0.2326038405797101,0.2311759420289854,13
2020-04-10,-0.2656372142857142,0.2190572142857142,13
2020-04-11,-0.2652990714285714,0.2374750714285713,13
2020-04-12,-0.3710491428571428,0.3257736428571428,13
2020-04-13,-0.2560705,0.2334560714285714,13
2020-04-14,-0.1964586956521739,0.2199402898550724,13
2020-04-15,-0.1938690647482014,0.2134860431654676,13
2020-04-16,-0.1666835971223021,0.2129365467625899,13
2020-04-17,-0.2028612142857142,0.1998376428571428,13
2020-04-18,-0.2091589928057553,0.232391798561151,13
2020-04-19,-0.3403090070921986,0.3306358865248227,13
2020-04-20,-0.2252210144927536,0.2317618115942029,13
2020-04-21,-0.1705135507246376,0.2177951449275362,13
2020-04-22,-0.1808769565217391,0.2125560869565217,13
2020-04-23,-0.2778786231884058,0.2616421014492753,13
2020-04-24,-0.2084579856115107,0.2041523021582733,13
2020-04-25,-0.1742029710144927,0.2222958695652173,13
2020-04-26,-0.1839804285714285,0.2666705714285714,13
2020-04-27,-0.1419268115942029,0.2059735507246376,13
2020-04-28,-0.1251988405797101,0.2031579710144927,13
2020-04-29,-0.1638310144927536,0.2080141304347826,13
2020-04-30,-0.1269793525179856,0.2052169064748201,13
2020-05-01,-0.097162536231884,0.1701699275362318,13
2020-05-02,-0.0852102898550724,0.1951878260869565,13
2020-05-03,-0.0863748571428571,0.2373862857142857,13
2020-05-04,-0.0850553237410071,0.1871436690647482,13
2020-05-05,-0.0877844927536231,0.1876339855072464,13
2020-05-06,-0.1073178985507246,0.1892615217391304,13
2020-05-07,-0.0711627338129496,0.1857706474820143,13
2020-05-08,-0.1218510071942445,0.1815271223021582,13
2020-05-09,-0.0540443165467625,0.1923719424460431,13
2020-05-10,-0.0308404285714285,0.2141959285714285,13
2020-05-11,-0.0728327536231883,0.1847188405797101,13
2020-05-12,-0.0764384782608695,0.187090072463768,13
2020-05-13,-0.0833866666666666,0.1799654347826086,13
2020-05-14,-0.0537380434782608,0.1795215217391304,13
2020-05-15,-0.0770430434782608,0.1662502173913043,13
2020-05-16,-0.0429107971014492,0.1900354347826086,13
2020-05-17,-0.0486477697841726,0.2287783453237409,13
2020-05-18,-0.1015011678832116,0.1946927737226277,13
2020-05-19,-0.080364306569343,0.1866524817518248,13
2020-05-20,-0.1183011678832116,0.1949161313868612,13
2020-05-21,-0.0530556204379562,0.1791051824817518,13
2020-05-22,-0.0652339416058394,0.1676896350364963,13
2020-05-23,-0.0351291970802919,0.1865179562043795,13
2020-05-24,-0.0369874100719424,0.2234271223021582,13
2020-05-25,-0.2265334782608695,0.2304955797101449,13
2020-05-26,-0.0885329629629629,0.1887404444444444,13
2020-05-27,-0.113455294117647,0.1897936029411764,13
2020-05-28,-0.0603711678832116,0.181048102189781,13
2020-05-29,-0.0852319708029197,0.1673758394160583,13
2020-05-30,-0.045877794117647,0.1882791176470588,13
2020-05-31,-0.0293204379562043,0.2190110218978102,13
2020-06-01,-0.0334270802919707,0.171485109489051,13
2020-06-02,-0.0354487591240875,0.1724493430656934,13
2020-06-03,-0.0415501470588235,0.1643726470588235,13
2020-06-04,-0.0325771323529411,0.1697169117647058,13
2020-06-05,-0.069066544117647,0.1635566176470588,13
2020-06-06,-0.038972074074074,0.1864345925925926,13
2020-06-07,-0.0481333333333333,0.2294062318840579,13
2020-06-08,-0.0633262773722627,0.181340802919708,13
2020-06-09,-0.0530573529411764,0.1762382352941176,13
2020-06-10,-0.0899344029850746,0.1813820149253731,13
2020-06-11,-0.0292248872180451,0.1693154135338345,13
2020-06-12,-0.0563476296296296,0.160952074074074,13
2020-06-13,-0.0071110606060606,0.180832803030303,13
2020-06-14,0.0048990909090909,0.2154037121212121,13
2020-06-15,-0.0439526666666666,0.1756811851851851,13
2020-06-16,-0.0334962121212121,0.1745484848484848,13
2020-06-17,-0.0460562686567164,0.1702736567164179,13
2020-06-18,-0.0146235555555555,0.1658144444444444,13
2020-06-19,-0.0413675373134328,0.1584490298507462,13
2020-06-20,0.0041605925925925,0.1777414074074073,13
2020-06-21,0.0228425185185185,0.2047982962962962,13
2020-06-22,-0.0555100751879699,0.1803615037593985,13
2020-06-23,-0.0631815909090909,0.1842852272727272,13
2020-06-24,-0.0775981679389312,0.1776637404580152,13
2020-06-25,-0.0354018656716417,0.1747623880597014,13
2020-06-26,-0.0594216541353383,0.1620127819548872,13
2020-06-27,-0.0182120610687022,0.1837467938931297,13
2020-06-28,-0.0183112213740458,0.2263346564885496,13
2020-06-29,-0.0488382706766917,0.1799551127819549,13
2020-06-30,-0.0377596212121212,0.1809803787878787,13
2020-07-01,-0.0460718939393939,0.1720150757575757,13
2020-07-02,0.0278683333333333,0.1641966666666666,13
2020-07-03,-0.0635682575757575,0.167353106060606,13
2020-07-04,-0.1510193939393939,0.2019168181818181,13
2020-07-05,-0.0194215909090909,0.221485303030303,13
2020-07-06,-0.0671650387596899,0.1889747286821705,13
2020-07-07,-0.0820858778625954,0.1907607633587786,13
2020-07-08,-0.0855938759689922,0.1819265116279069,13
2020-07-09,-0.0385776153846153,0.1753720769230769,13
2020-07-10,-0.0743068992248061,0.167847984496124,13
2020-07-11,-0.0315755813953488,0.1913648062015503,13
2020-07-12,-0.0380774218749999,0.2313066406249999,13
2020-07-13,-0.0502232812499999,0.1820025781249999,13
2020-07-14,-0.0532032283464566,0.1828666141732283,13
2020-07-15,-0.0609035999999999,0.1764270399999999,13
2020-07-16,-0.0436009523809523,0.1768866666666666,13
2020-07-17,-0.0623740476190476,0.1670623809523809,13
2020-07-18,-0.0343943307086614,0.1933045669291338,13
2020-07-19,-0.0315262015503875,0.2341028682170542,13
2020-07-20,-0.0601307936507936,0.1863718253968254,13
2020-03-23,-0.2793176666666667,0.2790747777777777,17
2020-03-24,-0.269939,0.2749355555555555,17
2020-03-25,-0.2264175555555555,0.2474264444444444,17
2020-03-26,-0.2266033333333333,0.2499914444444444,17
2020-03-27,-0.2617984444444444,0.2359946666666666,17
2020-03-28,-0.3443834444444444,0.2966175555555556,17
2020-03-29,-0.3132158888888888,0.3369895555555555,17
2020-03-30,-0.1992016666666666,0.2373158888888888,17
2020-03-31,-0.235531111111111,0.2557492222222222,17
2020-04-01,-0.1718823333333333,0.2259403333333333,17
2020-04-02,-0.1906715555555555,0.228104,17
2020-04-03,-0.2006402222222222,0.2104006666666666,17
2020-04-04,-0.3089553333333333,0.2862742222222222,17
2020-04-05,-0.2682072222222222,0.3092899999999999,17
2020-04-06,-0.1971189010989011,0.2362661538461538,17
2020-04-07,-0.1760115555555555,0.2225028888888889,17
2020-04-08,-0.1858744444444444,0.2275473333333333,17
2020-04-09,-0.2180109999999999,0.2481993333333333,17
2020-04-10,-0.2282844444444444,0.2297265555555555,17
2020-04-11,-0.2622944444444444,0.2596268888888888,17
2020-04-12,-0.3372787777777777,0.33039,17
2020-04-13,-0.2333977777777777,0.2640864444444444,17
2020-04-14,-0.2053325555555555,0.2525494444444444,17
2020-04-15,-0.1588596666666666,0.2409958888888888,17
2020-04-16,-0.1637236666666666,0.2353779999999999,17
2020-04-17,-0.2539845555555555,0.2508568888888888,17
2020-04-18,-0.2058796666666666,0.2529096666666666,17
2020-04-19,-0.1851174444444444,0.284543,17
2020-04-20,-0.1358962222222222,0.2250583333333333,17
2020-04-21,-0.1396704444444444,0.2289166666666666,17
2020-04-22,-0.1406977777777777,0.2240028888888888,17
2020-04-23,-0.1975015555555555,0.2484626666666666,17
2020-04-24,-0.1922545555555555,0.2181873333333333,17
2020-04-25,-0.2822048888888889,0.2937733333333333,17
2020-04-26,-0.1638878888888888,0.2823425555555555,17
2020-04-27,-0.1271236666666666,0.2244861111111111,17
2020-04-28,-0.1311793333333333,0.2219309999999999,17
2020-04-29,-0.1851893333333333,0.2547431111111111,17
2020-04-30,-0.1282291111111111,0.2162827777777777,17
2020-05-01,-0.0914296666666666,0.1825997777777777,17
2020-05-02,-0.0878675555555555,0.2075376666666666,17
2020-05-03,-0.1145312222222222,0.2612781111111111,17
2020-05-04,-0.1001745555555555,0.2186348888888888,17
2020-05-05,-0.1654511111111111,0.2399413333333333,17
2020-05-06,-0.1022778888888888,0.2124073333333333,17
2020-05-07,-0.0815554444444444,0.2000795555555555,17
2020-05-08,-0.1320638888888889,0.2048537777777777,17
2020-05-09,-0.0827677528089887,0.2168434831460674,17
2020-05-10,-0.1103527777777777,0.2658935555555555,17
2020-05-11,-0.1020676666666666,0.2202264444444444,17
2020-05-12,-0.0888744444444444,0.2117402222222222,17
2020-05-13,-0.0871458888888888,0.2162399999999999,17
2020-05-14,-0.1076674444444444,0.2143414444444444,17
2020-05-15,-0.1006244444444444,0.1898107777777777,17
2020-05-16,-0.0938141111111111,0.2167498888888888,17
2020-05-17,-0.1787409999999999,0.3030993333333333,17
2020-05-18,-0.0885852222222222,0.2171035555555555,17
2020-05-19,-0.1125164444444444,0.2215864444444444,17
2020-05-20,-0.0892692222222222,0.2048161111111111,17
2020-05-21,-0.0534072222222222,0.1961141111111111,17
2020-05-22,-0.0470148314606741,0.1743553932584269,17
2020-05-23,-0.0570234444444444,0.2050513333333333,17
2020-05-24,0.0007276666666666,0.2299607777777777,17
2020-05-25,-0.1826344444444444,0.2459127777777777,17
2020-05-26,-0.0750692045454545,0.1983036363636363,17
2020-05-27,-0.0756526136363636,0.2023989772727272,17
2020-05-28,-0.0630998876404494,0.1953132584269662,17
2020-05-29,-0.0406079545454545,0.1682279545454545,17
2020-05-30,0.00145,0.1852101111111111,17
2020-05-31,0.0410301111111111,0.2172197777777777,17
2020-06-01,0.0058269318181818,0.1796064772727272,17
2020-06-02,-0.0087479775280898,0.1791248314606741,17
2020-06-03,0.0024922727272727,0.1752301136363636,17
2020-06-04,0.0043294382022471,0.1714693258426966,17
2020-06-05,-0.0240824719101123,0.1640189887640449,17
2020-06-06,0.0116968539325842,0.1854565168539325,17
2020-06-07,0.0558124444444444,0.2164452222222222,17
2020-06-08,0.0142430681818181,0.1774685227272727,17
2020-06-09,-0.0634572727272727,0.1990414772727272,17
2020-06-10,-0.009211011235955,0.1783805617977528,17
2020-06-11,0.0233573863636363,0.1661685227272727,17
2020-06-12,0.022834659090909,0.1552886363636363,17
2020-06-13,0.0420322727272727,0.1789185227272727,17
2020-06-14,0.0731997752808988,0.2102929213483146,17
2020-06-15,0.0203464772727272,0.1746656818181818,17
2020-06-16,0.0246986363636363,0.1691910227272727,17
2020-06-17,0.0266479545454545,0.1669243181818182,17
2020-06-18,0.028967816091954,0.16475,17
2020-06-19,0.0256264772727272,0.1561026136363636,17
2020-06-20,0.026065909090909,0.1868705681818182,17
2020-06-21,0.0557885227272727,0.2121395454545454,17
2020-06-22,-0.0158976136363636,0.1885081818181818,17
2020-06-23,-0.0009519318181818,0.176047159090909,17
2020-06-24,0.0346449999999999,0.1663170454545454,17
2020-06-25,0.0454405681818181,0.1623122727272727,17
2020-06-26,0.0071130681818181,0.1561327272727272,17
2020-06-27,0.0091698863636363,0.1873606818181818,17
2020-06-28,0.0528306818181818,0.2218294318181818,17
2020-06-29,0.0074630681818181,0.1802320454545454,17
2020-06-30,-0.0214935227272727,0.18438625,17
2020-07-01,0.036528409090909,0.1682714772727272,17
2020-07-02,0.0835247126436781,0.1569455172413793,17
2020-07-03,0.0200403409090909,0.1607894318181818,17
2020-07-04,-0.1005030681818181,0.1877022727272727,17
2020-07-05,0.0783607954545454,0.2018126136363636,17
2020-07-06,0.0040987499999999,0.1787463636363636,17
2020-07-07,0.0091254545454545,0.176715909090909,17
2020-07-08,0.0118686206896551,0.1731371264367816,17
2020-07-09,0.0158275862068965,0.1730882758620689,17
2020-07-10,0.0100220689655172,0.1574837931034482,17
2020-07-11,0.024753409090909,0.183000909090909,17
2020-07-12,0.0665117045454545,0.2166681818181818,17
2020-07-13,0.0186090909090909,0.1719732954545454,17
2020-07-14,0.0123991954022988,0.1701696551724137,17
2020-07-15,-0.0142965909090909,0.1810201136363636,17
2020-07-16,0.0123426136363636,0.1682355681818181,17
2020-07-17,-0.005847356321839,0.1590459770114942,17
2020-07-18,-0.0018433333333333,0.1925260919540229,17
2020-07-19,0.0189572413793103,0.2327849425287356,17
2020-07-20,-0.0031421839080459,0.1798390804597701,17
2020-03-23,-0.2110067213114754,0.2237349180327868,22
2020-03-24,-0.2660424590163934,0.2522665573770491,22
2020-03-25,-0.2449463934426229,0.2350280327868852,22
2020-03-26,-0.2460270491803278,0.2277247540983606,22
2020-03-27,-0.2737150819672131,0.219091475409836,22
2020-03-28,-0.3098819672131147,0.2608867213114754,22
2020-03-29,-0.2998122950819672,0.2977767213114753,22
2020-03-30,-0.2687509836065573,0.2501596721311475,22
2020-03-31,-0.2591070491803278,0.2471552459016393,22
2020-04-01,-0.2176160655737704,0.2217385245901639,22
2020-04-02,-0.2488831147540983,0.2341308196721311,22
2020-04-03,-0.2637875409836065,0.2116649180327869,22
2020-04-04,-0.3446932786885245,0.279253606557377,22
2020-04-05,-0.3197691803278688,0.3020970491803278,22
2020-04-06,-0.2430755737704917,0.2403686885245901,22
2020-04-07,-0.2537834426229508,0.2445134426229508,22
2020-04-08,-0.2518837704918032,0.2355288524590164,22
2020-04-09,-0.2361229508196721,0.2319562295081967,22
2020-04-10,-0.3305995081967213,0.2353498360655737,22
2020-04-11,-0.3153840983606557,0.2477075409836065,22
2020-04-12,-0.4194796721311475,0.3366073770491803,22
2020-04-13,-0.2478939344262295,0.2436765573770491,22
2020-04-14,-0.222003606557377,0.2364944262295082,22
2020-04-15,-0.1782329508196721,0.2185644262295081,22
2020-04-16,-0.1931934426229508,0.2170285245901639,22
2020-04-17,-0.2324722950819672,0.201063606557377,22
2020-04-18,-0.2787565573770492,0.248677213114754,22
2020-04-19,-0.3455813114754098,0.3176468852459017,22
2020-04-20,-0.1962834426229508,0.221647213114754,22
2020-04-21,-0.1545740983606557,0.2098277049180327,22
2020-04-22,-0.2098580327868852,0.2273781967213114,22
2020-04-23,-0.2169421311475409,0.2239380327868852,22
2020-04-24,-0.2073308196721311,0.1945995081967212,22
2020-04-25,-0.2113526229508196,0.2235122950819671,22
2020-04-26,-0.1876134426229508,0.2546136065573771,22
2020-04-27,-0.1487398360655737,0.2069372131147541,22
2020-04-28,-0.1726043333333333,0.2222558333333333,22
2020-04-29,-0.2088895081967212,0.2189844262295081,22
2020-04-30,-0.1321385,0.1939311666666666,22
2020-05-01,-0.1280299999999999,0.1665026229508196,22
2020-05-02,-0.1344890163934426,0.2011888524590163,22
2020-05-03,-0.1344388524590163,0.2385254098360655,22
2020-05-04,-0.0988539999999999,0.1866398333333333,22
2020-05-05,-0.0927473770491803,0.1894518032786885,22
2020-05-06,-0.0942395081967213,0.1863339344262295,22
2020-05-07,-0.0924165573770491,0.1841755737704918,22
2020-05-08,-0.2076867213114754,0.2035655737704917,22
2020-05-09,-0.1356170491803278,0.2038601639344262,22
2020-05-10,-0.0849679999999999,0.2106479999999999,22
2020-05-11,-0.0833598333333333,0.1845438333333333,22
2020-05-12,-0.0667819672131147,0.1859770491803278,22
2020-05-13,-0.0880796666666666,0.1848556666666666,22
2020-05-14,-0.1336468333333333,0.2010853333333333,22
2020-05-15,-0.1546461666666666,0.1830673333333333,22
2020-05-16,-0.1599763333333333,0.2151458333333333,22
2020-05-17,-0.153879344262295,0.2506570491803279,22
2020-05-18,-0.0742852459016393,0.1785760655737704,22
2020-05-19,-0.0361989999999999,0.1746166666666666,22
2020-05-20,-0.0548481666666666,0.1796076666666666,22
2020-05-21,-0.0479304918032786,0.1705660655737705,22
2020-05-22,-0.0780518032786885,0.163583606557377,22
2020-05-23,-0.0989033333333333,0.1978026666666666,22
2020-05-24,-0.0805167213114754,0.2248321311475409,22
2020-05-25,-0.2116385245901639,0.2300491803278688,22
2020-05-26,-0.0714041666666666,0.1848361666666666,22
2020-05-27,-0.057904406779661,0.1750625423728813,22
2020-05-28,-0.0512874576271186,0.1726705084745762,22
2020-05-29,-0.0895514999999999,0.1638266666666666,22
2020-05-30,-0.0695756666666666,0.1863811666666666,22
2020-05-31,-0.0432821666666666,0.2149831666666666,22
2020-06-01,-0.0079525,0.1663085,22
2020-06-02,-0.0074306779661016,0.1681969491525423,22
2020-06-03,-0.022616440677966,0.1620703389830508,22
2020-06-04,-0.0217466101694915,0.1642308474576271,22
2020-06-05,-0.0568116949152542,0.1544735593220338,22
2020-06-06,-0.0577883050847457,0.1833049152542372,22
2020-06-07,-0.1718766666666666,0.260752,22
2020-06-08,-0.1744767796610169,0.2179838983050847,22
2020-06-09,-0.0454818644067796,0.177733220338983,22
2020-06-10,-0.0311366101694915,0.1694115254237288,22
2020-06-11,-0.019252033898305,0.1626930508474576,22
2020-06-12,-0.0658442372881355,0.1522891525423728,22
2020-06-13,-0.0270762711864406,0.1776579661016949,22
2020-06-14,-0.0093137288135593,0.2095286440677966,22
2020-06-15,-0.0106811864406779,0.1703250847457627,22
2020-06-16,0.0008869491525423,0.1683628813559321,22
2020-06-17,-0.0090206779661016,0.1620927118644067,22
2020-06-18,-0.0182308474576271,0.1609742372881356,22
2020-06-19,-0.0374674576271186,0.1547137288135593,22
2020-06-20,-0.0078586440677966,0.1794596610169491,22
2020-06-21,-0.0171138983050847,0.2067330508474576,22
2020-06-22,-0.0786933898305084,0.1908891525423728,22
2020-06-23,-0.0398150847457627,0.1819111864406779,22
2020-06-24,-0.0840352542372881,0.190576440677966,22
2020-06-25,-0.0712055932203389,0.180392033898305,22
2020-06-26,-0.1035561016949152,0.1687208474576271,22
2020-06-27,-0.0806661016949152,0.196738813559322,22
2020-06-28,-0.0599937288135593,0.2226291525423728,22
2020-06-29,-0.0431198305084745,0.179952033898305,22
2020-06-30,-0.0173023728813559,0.1729154237288135,22
2020-07-01,-0.0017701694915254,0.162877627118644,22
2020-07-02,0.0216367796610169,0.1600550847457627,22
2020-07-03,-0.1050823728813559,0.1768862711864406,22
2020-07-04,-0.1805579661016949,0.2042881355932203,22
2020-07-05,-0.0858259999999999,0.2318671666666666,22
2020-07-06,-0.0696571186440678,0.1897701694915254,22
2020-07-07,-0.0707413559322033,0.1910189830508474,22
2020-07-08,-0.0678630508474576,0.1821827118644068,22
2020-07-09,-0.0456345762711864,0.1744450847457627,22
2020-07-10,-0.095076440677966,0.1675605084745762,22
2020-07-11,-0.0729406779661017,0.1894249152542372,22
2020-07-12,-0.0662184745762711,0.2326213559322033,22
2020-07-13,-0.0557066101694915,0.1869605084745762,22
2020-07-14,-0.0526293220338983,0.185147627118644,22
2020-07-15,-0.0570923728813559,0.1827528813559322,22
2020-07-16,-0.0662635593220339,0.1848291525423728,22
2020-07-17,-0.0866496610169491,0.1698403389830508,22
2020-07-18,-0.0916966101694915,0.2012474576271186,22
2020-07-19,-0.0733867796610169,0.2375249152542372,22
2020-07-20,-0.0559823728813559,0.188833220338983,22
2020-03-23,-0.3708785714285714,0.3235428571428572,25
2020-03-24,-0.3989678571428571,0.3422114285714285,25
2020-03-25,-0.4394071428571428,0.3580421428571428,25
2020-03-26,-0.3745807142857143,0.3181557142857142,25
2020-03-27,-0.3665914285714285,0.2936692857142857,25
2020-03-28,-0.3923442857142857,0.3474642857142856,25
2020-03-29,-0.5113964285714286,0.4571478571428571,25
2020-03-30,-0.4436878571428571,0.3576092857142857,25
2020-03-31,-0.3963935714285714,0.3301099999999999,25
2020-04-01,-0.3923978571428571,0.3186057142857142,25
2020-04-02,-0.4210085714285714,0.3541914285714285,25
2020-04-03,-0.4680492857142857,0.3674757142857143,25
2020-04-04,-0.39913,0.3550335714285714,25
2020-04-05,-0.4043214285714285,0.38985,25
2020-04-06,-0.3598349999999999,0.3079428571428571,25
2020-04-07,-0.348075,0.3111864285714286,25
2020-04-08,-0.4245021428571428,0.3462292857142857,25
2020-04-09,-0.4410557142857143,0.3766771428571429,25
2020-04-10,-0.4099357142857142,0.3338192857142857,25
2020-04-11,-0.3479892857142856,0.3345964285714286,25
2020-04-12,-0.4196735714285714,0.3951671428571428,25
2020-04-13,-0.4998178571428571,0.4121578571428571,25
2020-04-14,-0.3466957142857143,0.3071685714285714,25
2020-04-15,-0.3678678571428571,0.3221321428571428,25
2020-04-16,-0.3549228571428571,0.3262592857142857,25
2020-04-17,-0.3560571428571428,0.3045442857142856,25
2020-04-18,-0.4605235714285714,0.40552,25
2020-04-19,-0.3124678571428571,0.350495,25
2020-04-20,-0.3881485714285714,0.3320378571428571,25
2020-04-21,-0.3860642857142857,0.3473264285714285,25
2020-04-22,-0.3688664285714286,0.3305078571428571,25
2020-04-23,-0.3189342857142856,0.3017792857142857,25
2020-04-24,-0.4124707142857143,0.3386492857142857,25
2020-04-25,-0.2319457142857142,0.2892485714285714,25
2020-04-26,-0.4148907142857143,0.4171128571428571,25
2020-04-27,-0.4130828571428571,0.3597942857142857,25
2020-04-28,-0.3025942857142857,0.3008592857142857,25
2020-04-29,-0.2774121428571428,0.2747107142857142,25
2020-04-30,-0.3321664285714286,0.3178871428571428,25
2020-05-01,-0.3346407142857143,0.2815235714285714,25
2020-05-02,-0.1916314285714285,0.2672364285714285,25
2020-05-03,-0.1950971428571428,0.3024385714285714,25
2020-05-04,-0.2524542857142857,0.2695928571428571,25
2020-05-05,-0.2354,0.2611435714285714,25
2020-05-06,-0.2680457142857143,0.2751542857142857,25
2020-05-07,-0.2239071428571428,0.2616214285714285,25
2020-05-08,-0.2583414285714285,0.2621807142857142,25
2020-05-09,-0.2814978571428571,0.3142264285714286,25
2020-05-10,-0.2316621428571428,0.3107407142857142,25
2020-05-11,-0.2891214285714286,0.2919192857142856,25
2020-05-12,-0.2381692857142857,0.2634785714285714,25
2020-05-13,-0.2125935714285714,0.2567571428571428,25
2020-05-14,-0.1681757142857142,0.2415621428571428,25
2020-05-15,-0.2220657142857142,0.24003,25
2020-05-16,-0.1349428571428571,0.2530707142857143,25
2020-05-17,-0.1834571428571428,0.2980285714285714,25
2020-05-18,-0.2289635714285714,0.2637064285714285,25
2020-05-19,-0.1844121428571428,0.2432428571428571,25
2020-05-20,-0.1689699999999999,0.2357028571428571,25
2020-05-21,-0.1317192857142857,0.2297257142857142,25
2020-05-22,-0.1324614285714285,0.2089328571428571,25
2020-05-23,-0.1821128571428571,0.2677642857142857,25
2020-05-24,-0.1305464285714285,0.2762821428571428,25
2020-05-25,-0.2891657142857142,0.2872557142857143,25
2020-05-26,-0.1440392857142856,0.2288735714285714,25
2020-05-27,-0.1414742857142857,0.2233178571428571,25
2020-05-28,-0.1334414285714285,0.2250649999999999,25
2020-05-29,-0.1786757142857142,0.2212721428571428,25
2020-05-30,-0.0928207142857142,0.2328407142857142,25
2020-05-31,-0.0731528571428571,0.2575814285714286,25
2020-06-01,-0.145755,0.2292292857142857,25
2020-06-02,-0.1272928571428571,0.2195935714285714,25
2020-06-03,-0.1469685714285714,0.2205264285714285,25
2020-06-04,-0.0893899999999999,0.2100342857142857,25
2020-06-05,-0.1484907142857142,0.2113949999999999,25
2020-06-06,-0.1119728571428571,0.236925,25
2020-06-07,-0.0902792857142857,0.264555,25
2020-06-08,-0.1206542857142857,0.2109314285714285,25
2020-06-09,-0.1088157142857142,0.2130742857142857,25
2020-06-10,-0.1126507142857142,0.2079849999999999,25
2020-06-11,-0.1159264285714285,0.2275578571428571,25
2020-06-12,-0.0933307142857143,0.1938957142857142,25
2020-06-13,-0.0056514285714285,0.2015707142857142,25
2020-06-14,-0.0152321428571428,0.2332678571428571,25
2020-06-15,-0.0942385714285714,0.2076664285714285,25
2020-06-16,-0.0645285714285714,0.19906,25
2020-06-17,-0.0668864285714285,0.1931692857142857,25
2020-06-18,-0.03259,0.1934528571428571,25
2020-06-19,-0.0641092857142857,0.1851557142857142,25
2020-06-20,0.0091021428571428,0.1999735714285714,25
2020-06-21,0.0175564285714285,0.2269085714285714,25
2020-06-22,-0.0833028571428571,0.2020371428571428,25
2020-06-23,-0.0592564285714285,0.1967607142857142,25
2020-06-24,-0.0927699999999999,0.200725,25
2020-06-25,-0.0310071428571428,0.191225,25
2020-06-26,-0.0483507142857142,0.1803771428571428,25
2020-06-27,-0.0416442857142856,0.2151757142857142,25
2020-06-28,-0.0545371428571428,0.2509878571428571,25
2020-06-29,-0.1323507142857143,0.2241278571428571,25
2020-06-30,-0.0912449999999999,0.2101321428571428,25
2020-07-01,-0.0721021428571428,0.1915207142857142,25
2020-07-02,0.0336985714285714,0.1772764285714285,25
2020-07-03,-0.0707457142857142,0.1909707142857142,25
2020-07-04,-0.1323628571428571,0.2172571428571428,25
2020-07-05,0.0235521428571428,0.2218714285714285,25
2020-07-06,-0.0495228571428571,0.1980599999999999,25
2020-07-07,-0.0373171428571428,0.1884278571428571,25
2020-07-08,-0.0761121428571428,0.1929414285714285,25
2020-07-09,-0.0189628571428571,0.1872521428571428,25
2020-07-10,-0.0776928571428571,0.1856921428571428,25
2020-07-11,-0.0358899999999999,0.2116149999999999,25
2020-07-12,0.0369821428571428,0.2257199999999999,25
2020-07-13,-0.0758021428571428,0.1963235714285714,25
2020-07-14,-0.0680857142857142,0.197975,25
2020-07-15,-0.0545992857142856,0.1866978571428571,25
2020-07-16,-0.0122971428571428,0.1808607142857143,25
2020-07-17,-0.0844242857142857,0.1892385714285714,25
2020-07-18,0.01341,0.1973092857142857,25
2020-07-19,0.0225678571428571,0.2302214285714285,25
2020-07-20,-0.0793992857142857,0.1993071428571428,25
2020-03-23,-0.3351508333333333,0.29733,24
2020-03-24,-0.3116845833333333,0.2841475,24
2020-03-25,-0.3851070833333334,0.3192133333333333,24
2020-03-26,-0.2987820833333333,0.26527625,24
2020-03-27,-0.3080320833333333,0.2519433333333333,24
2020-03-28,-0.3982083333333333,0.3397716666666666,24
2020-03-29,-0.3722475,0.3582729166666666,24
2020-03-30,-0.2508545833333333,0.247885,24
2020-03-31,-0.39690875,0.34441625,24
2020-04-01,-0.3793491666666666,0.3161675,24
2020-04-02,-0.3621654166666666,0.3053679166666667,24
2020-04-03,-0.3433220833333333,0.2794820833333333,24
2020-04-04,-0.3939020833333333,0.3340829166666666,24
2020-04-05,-0.41239625,0.3651770833333334,24
2020-04-06,-0.3244466666666666,0.2897512499999999,24
2020-04-07,-0.3410945833333333,0.30214375,24
2020-04-08,-0.3333495833333333,0.2856633333333333,24
2020-04-09,-0.3458058333333333,0.3030920833333333,24
2020-04-10,-0.3737366666666666,0.3083458333333333,24
2020-04-11,-0.342745,0.3065354166666666,24
2020-04-12,-0.4365333333333333,0.37942,24
2020-04-13,-0.4300508333333333,0.3426045833333333,24
2020-04-14,-0.3153674999999999,0.29128,24
2020-04-15,-0.31067,0.2857904166666666,24
2020-04-16,-0.3098954166666666,0.285525,24
2020-04-17,-0.3141241666666666,0.2697191666666667,24
2020-04-18,-0.3594783333333333,0.3330933333333333,24
2020-04-19,-0.3430466666666666,0.3482270833333333,24
2020-04-20,-0.3193654166666667,0.29152125,24
2020-04-21,-0.3124779166666666,0.2980641666666666,24
2020-04-22,-0.3005654166666666,0.27957,24
2020-04-23,-0.3170279166666667,0.29536375,24
2020-04-24,-0.3719858333333333,0.2909808333333333,24
2020-04-25,-0.29406,0.291635,24
2020-04-26,-0.4014612499999999,0.3899316666666666,24
2020-04-27,-0.3161808333333333,0.2942366666666666,24
2020-04-28,-0.28689875,0.28639,24
2020-04-29,-0.2502641666666667,0.2555595833333333,24
2020-04-30,-0.3515620833333333,0.3125466666666667,24
2020-05-01,-0.2778887499999999,0.24545375,24
2020-05-02,-0.2007991666666666,0.2539333333333333,24
2020-05-03,-0.2895241666666666,0.3220570833333333,24
2020-05-04,-0.2323458333333333,0.2513308333333333,24
2020-05-05,-0.2428770833333333,0.2586416666666666,24
2020-05-06,-0.3084508333333333,0.2891491666666667,24
2020-05-07,-0.2333920833333333,0.2483033333333333,24
2020-05-08,-0.26287,0.2545145833333333,24
2020-05-09,-0.2345104166666666,0.2863024999999999,24
2020-05-10,-0.1994445833333333,0.28525125,24
2020-05-11,-0.2436841666666666,0.2657483333333333,24
2020-05-12,-0.2279316666666666,0.2608649999999999,24
2020-05-13,-0.2100308333333333,0.2405304166666666,24
2020-05-14,-0.2017666666666666,0.2415641666666666,24
2020-05-15,-0.18462125,0.2157524999999999,24
2020-05-16,-0.1278504166666666,0.2357475,24
2020-05-17,-0.18669875,0.2936820833333333,24
2020-05-18,-0.2189008333333333,0.25315375,24
2020-05-19,-0.1962441666666666,0.2467354166666666,24
2020-05-20,-0.1988983333333333,0.2415029166666666,24
2020-05-21,-0.1755304166666666,0.2284979166666666,24
2020-05-22,-0.2338058333333333,0.24036,24
2020-05-23,-0.1289895833333333,0.2322762499999999,24
2020-05-24,-0.15805875,0.2737758333333333,24
2020-05-25,-0.2863670833333333,0.2668854166666666,24
2020-05-26,-0.14328125,0.22111375,24
2020-05-27,-0.15770625,0.2199545833333333,24
2020-05-28,-0.1829345833333333,0.2321045833333333,24
2020-05-29,-0.1713712499999999,0.2078129166666666,24
2020-05-30,-0.0921491666666666,0.2206099999999999,24
2020-05-31,-0.0663404166666666,0.2506983333333333,24
2020-06-01,-0.1168304166666666,0.2082437499999999,24
2020-06-02,-0.1250804166666666,0.2094212499999999,24
2020-06-03,-0.1271624999999999,0.2074395833333333,24
2020-06-04,-0.1275512499999999,0.2077941666666666,24
2020-06-05,-0.1445220833333333,0.2033691666666666,24
2020-06-06,-0.0662575,0.2187924999999999,24
2020-06-07,-0.0111583333333333,0.235225,24
2020-06-08,-0.0863445833333333,0.2029716666666666,24
2020-06-09,-0.0996270833333333,0.2044874999999999,24
2020-06-10,-0.1127608333333333,0.2011004166666666,24
2020-06-11,-0.12581625,0.2097429166666666,24
2020-06-12,-0.0957495833333333,0.1811929166666666,24
2020-06-13,-0.0006641666666666,0.194265,24
2020-06-14,-0.0066033333333333,0.2321404166666666,24
2020-06-15,-0.0795645833333333,0.1981025,24
2020-06-16,-0.0891537499999999,0.1987241666666666,24
2020-06-17,-0.1287795833333333,0.20628,24
2020-06-18,-0.1213404166666666,0.1993241666666666,24
2020-06-19,-0.0928149999999999,0.1842208333333333,24
2020-06-20,-0.0456179166666666,0.2083645833333333,24
2020-06-21,-0.0025237499999999,0.2222254166666666,24
2020-06-22,-0.0954258333333333,0.2006320833333333,24
2020-06-23,-0.0961441666666666,0.2028695833333333,24
2020-06-24,-0.0797058333333333,0.1887395833333333,24
2020-06-25,-0.0706929166666666,0.1915358333333333,24
2020-06-26,-0.0768245833333333,0.1720995833333333,24
2020-06-27,0.0052816666666666,0.200045,24
2020-06-28,0.0166699999999999,0.2316625,24
2020-06-29,-0.07651625,0.1961858333333333,24
2020-06-30,-0.0583983333333333,0.1869283333333333,24
2020-07-01,-0.0583808333333333,0.18353125,24
2020-07-02,-0.0215741666666666,0.1745745833333333,24
2020-07-03,-0.0926241666666666,0.1854729166666666,24
2020-07-04,-0.11755,0.2045116666666666,24
2020-07-05,0.0176141666666666,0.2225204166666666,24
2020-07-06,-0.07389625,0.19964,24
2020-07-07,-0.0963979166666666,0.1996966666666666,24
2020-07-08,-0.0999729166666666,0.1926625,24
2020-07-09,-0.0731504166666666,0.1853708333333333,24
2020-07-10,-0.1102245833333333,0.1843533333333332,24
2020-07-11,-0.0120666666666666,0.1975608333333333,24
2020-07-12,0.01060125,0.2285083333333333,24
2020-07-13,-0.0890629166666666,0.1984354166666666,24
2020-07-14,-0.07225625,0.1912637499999999,24
2020-07-15,-0.0709345833333333,0.1863179166666666,24
2020-07-16,-0.0641845833333333,0.1870599999999999,24
2020-07-17,-0.0791958333333333,0.1820208333333333,24
2020-07-18,-0.0079595833333333,0.2052024999999999,24
2020-07-19,-0.0187399999999999,0.2429675,24
2020-07-20,-0.1045,0.2088941666666667,24
2020-03-23,-0.195540909090909,0.2483818181818181,26
2020-03-24,-0.3630651948051948,0.3223863636363636,26
2020-03-25,-0.3628468831168831,0.3041202597402597,26
2020-03-26,-0.3730940259740259,0.3165063636363636,26
2020-03-27,-0.3662387012987013,0.2885493506493506,26
2020-03-28,-0.4464864935064935,0.3641958441558441,26
2020-03-29,-0.4390937662337662,0.3994288311688311,26
2020-03-30,-0.3827161038961039,0.3338192207792207,26
2020-03-31,-0.3766137662337662,0.3283692207792207,26
2020-04-01,-0.3238441558441558,0.3006218181818182,26
2020-04-02,-0.3045022077922077,0.2758179220779221,26
2020-04-03,-0.2988680519480519,0.2539235064935065,26
2020-04-04,-0.410248961038961,0.3510337662337662,26
2020-04-05,-0.3472576623376623,0.3507451948051948,26
2020-04-06,-0.3248664935064935,0.2950863636363636,26
2020-04-07,-0.3584287012987013,0.3159709090909091,26
2020-04-08,-0.3235912987012986,0.2856811688311688,26
2020-04-09,-0.3653635064935064,0.3225967532467532,26
2020-04-10,-0.3968845454545454,0.3157453246753247,26
2020-04-11,-0.3563493506493506,0.3126341558441558,26
2020-04-12,-0.4505994805194805,0.3961448051948051,26
2020-04-13,-0.4005093506493506,0.3496362337662337,26
2020-04-14,-0.3698322077922077,0.3326796103896103,26
2020-04-15,-0.3076328571428571,0.3089623376623376,26
2020-04-16,-0.3074238961038961,0.3044355844155844,26
2020-04-17,-0.3471876623376623,0.2955562337662337,26
2020-04-18,-0.3029392207792207,0.305565974025974,26
2020-04-19,-0.3020296103896104,0.3456142857142857,26
2020-04-20,-0.2645785714285714,0.2806396103896104,26
2020-04-21,-0.3230918181818181,0.3213688311688312,26
2020-04-22,-0.310325974025974,0.3045692207792208,26
2020-04-23,-0.3215312987012987,0.3143325974025974,26
2020-04-24,-0.293861948051948,0.2660342857142857,26
2020-04-25,-0.2617933766233766,0.2979711688311688,26
2020-04-26,-0.190512987012987,0.3078948051948051,26
2020-04-27,-0.213273896103896,0.274934935064935,26
2020-04-28,-0.2030711688311688,0.267032987012987,26
2020-04-29,-0.2794488311688312,0.3022890909090909,26
2020-04-30,-0.2449666233766233,0.2876931168831168,26
2020-05-01,-0.1400290909090909,0.2156261038961038,26
2020-05-02,-0.1206546753246753,0.2460712987012986,26
2020-05-03,-0.0646057142857142,0.2683150649350649,26
2020-05-04,-0.1306262337662337,0.2448337662337661,26
2020-05-05,-0.1514184415584415,0.253311948051948,26
2020-05-06,-0.1170081818181818,0.2335554545454545,26
2020-05-07,-0.1250523376623376,0.239666883116883,26
2020-05-08,-0.1898967532467532,0.2491420779220779,26
2020-05-09,-0.145420909090909,0.2688953246753247,26
2020-05-10,-0.1428611688311688,0.2981857142857143,26
2020-05-11,-0.1589631168831168,0.2606877922077922,26
2020-05-12,-0.1092814285714285,0.2391698701298701,26
2020-05-13,-0.0771877922077921,0.2214231168831168,26
2020-05-14,-0.161990909090909,0.2605022077922078,26
2020-05-15,-0.1248574025974025,0.2173110389610389,26
2020-05-16,-0.0326793506493506,0.2268318181818181,26
2020-05-17,-0.124814935064935,0.3062185714285714,26
2020-05-18,-0.185830909090909,0.274768961038961,26
2020-05-19,-0.1011010389610389,0.2359794805194805,26
2020-05-20,-0.0203467532467532,0.203367922077922,26
2020-05-21,0.0027974025974025,0.1963611688311688,26
2020-05-22,-0.0406477922077921,0.1936864935064935,26
2020-05-23,0.0113931168831168,0.2069201298701298,26
2020-05-24,0.0586551282051282,0.2312657692307692,26
2020-05-25,-0.0545610389610389,0.2339562337662337,26
2020-05-26,0.0040255844155844,0.2046342857142856,26
2020-05-27,-0.0404084415584415,0.2092402597402597,26
2020-05-28,-0.0580064935064934,0.2173207792207792,26
2020-05-29,-0.0743137662337662,0.2011396103896103,26
2020-05-30,-0.0022962337662337,0.2178505194805194,26
2020-05-31,0.0592681818181818,0.2392154545454545,26
2020-06-01,0.0150755844155844,0.1956102597402597,26
2020-06-02,0.0034601298701298,0.19546,26
2020-06-03,0.0285180519480519,0.1833715584415584,26
2020-06-04,0.041191948051948,0.1817327272727272,26
2020-06-05,-0.0035127272727272,0.1794696103896103,26
2020-06-06,0.0677453246753246,0.1931662337662337,26
2020-06-07,0.1322155844155844,0.2178806493506493,26
2020-06-08,0.0524648051948051,0.182604935064935,26
2020-06-09,0.0480357142857142,0.1856888311688311,26
2020-06-10,-0.0393668831168831,0.204014935064935,26
2020-06-11,0.0340374025974025,0.1802351948051948,26
2020-06-12,0.0201976623376623,0.1706196103896104,26
2020-06-13,0.0999705194805194,0.1868501298701298,26
2020-06-14,0.1796715584415584,0.2094290909090909,26
2020-06-15,0.0775315584415584,0.1752362337662337,26
2020-06-16,0.0666758441558441,0.1752455844155844,26
2020-06-17,0.079391948051948,0.1666754545454545,26
2020-06-18,0.097613896103896,0.1654180519480519,26
2020-06-19,0.0659827272727272,0.1624932467532467,26
2020-06-20,0.1238435064935064,0.1830292207792207,26
2020-06-21,0.1852645454545454,0.1992528571428571,26
2020-06-22,0.0518471428571428,0.184342987012987,26
2020-06-23,0.003570909090909,0.1952472727272727,26
2020-06-24,0.0587822077922077,0.1742524675324675,26
2020-06-25,0.1021655844155844,0.165387922077922,26
2020-06-26,0.062143896103896,0.160671948051948,26
2020-06-27,0.10887,0.1828648051948052,26
2020-06-28,0.252183164556962,0.1951455696202531,26
2020-06-29,0.0949322077922077,0.1743081818181818,26
2020-06-30,0.0979376623376623,0.1727996103896104,26
2020-07-01,0.1119777922077922,0.1606810389610389,26
2020-07-02,0.1542784415584415,0.1584937662337662,26
2020-07-03,0.0727944155844155,0.1642662337662337,26
2020-07-04,0.0343953846153846,0.1838537179487179,26
2020-07-05,0.3171548101265822,0.1864955696202531,26
2020-07-06,0.1221796103896103,0.1788848051948051,26
2020-07-07,0.0855872727272727,0.178834935064935,26
2020-07-08,0.0701124675324675,0.1744033766233766,26
2020-07-09,0.0705494805194805,0.1751840259740259,26
2020-07-10,0.0040537662337662,0.1766323376623376,26
2020-07-11,0.1016744871794871,0.1855091025641025,26
2020-07-12,0.2160534177215189,0.2061205063291139,26
2020-07-13,0.0794177922077922,0.1770397402597402,26
2020-07-14,0.0538084415584415,0.1784141558441558,26
2020-07-15,0.0528031168831168,0.1777898701298701,26
2020-07-16,0.0490983116883116,0.1800962337662337,26
2020-07-17,0.0576425974025974,0.1615727272727272,26
2020-07-18,0.1040779487179487,0.1905228205128205,26
2020-07-19,0.1593582278481012,0.2234989873417721,26
2020-07-20,0.0753305194805194,0.1819561038961039,26
2020-03-23,-0.47389,0.3880880952380952,34
2020-03-24,-0.3804504761904762,0.3174980952380952,34
2020-03-25,-0.4483147619047619,0.35661,34
2020-03-26,-0.3840038095238095,0.3086780952380952,34
2020-03-27,-0.3906014285714285,0.2965561904761905,34
2020-03-28,-0.4921238095238095,0.4063957142857142,34
2020-03-29,-0.5014366666666666,0.4362533333333333,34
2020-03-30,-0.4181438095238095,0.3399619047619047,34
2020-03-31,-0.4178604761904761,0.3518138095238095,34
2020-04-01,-0.4102038095238094,0.3249247619047619,34
2020-04-02,-0.4100595238095238,0.3377704761904762,34
2020-04-03,-0.4228133333333333,0.3354209523809524,34
2020-04-04,-0.4242233333333333,0.3641142857142857,34
2020-04-05,-0.4495690476190476,0.4034366666666666,34
2020-04-06,-0.3930509523809524,0.3253014285714285,34
2020-04-07,-0.3871233333333334,0.3350514285714285,34
2020-04-08,-0.4202585714285713,0.3358819047619047,34
2020-04-09,-0.4460719047619047,0.3679533333333333,34
2020-04-10,-0.4656395238095238,0.3697128571428571,34
2020-04-11,-0.4227190476190476,0.3675228571428571,34
2020-04-12,-0.4990609523809524,0.4299804761904761,34
2020-04-13,-0.5272042857142857,0.4208490476190476,34
2020-04-14,-0.3804514285714285,0.3320990476190476,34
2020-04-15,-0.3944995238095238,0.3343228571428571,34
2020-04-16,-0.3918742857142857,0.3395766666666666,34
2020-04-17,-0.3958571428571428,0.3293266666666666,34
2020-04-18,-0.4464547619047619,0.3910709523809523,34
2020-04-19,-0.4028238095238095,0.3854990476190476,34
2020-04-20,-0.3814104761904762,0.3327342857142857,34
2020-04-21,-0.3987195238095237,0.3548242857142857,34
2020-04-22,-0.378117619047619,0.3293142857142856,34
2020-04-23,-0.3825866666666666,0.3362757142857142,34
2020-04-24,-0.4473380952380952,0.3570528571428571,34
2020-04-25,-0.3262114285714285,0.3194385714285714,34
2020-04-26,-0.48089,0.4423619047619048,34
2020-04-27,-0.3847280952380951,0.3383747619047619,34
2020-04-28,-0.3085428571428571,0.2937614285714285,34
2020-04-29,-0.3541447619047619,0.316077619047619,34
2020-04-30,-0.3932019047619047,0.3411385714285714,34
2020-05-01,-0.3503633333333333,0.2906542857142857,34
2020-05-02,-0.2440985714285714,0.2817361904761905,34
2020-05-03,-0.285767619047619,0.3288390476190476,34
2020-05-04,-0.2862204761904762,0.2769042857142857,34
2020-05-05,-0.279957619047619,0.2818719047619047,34
2020-05-06,-0.3448795238095238,0.3148061904761904,34
2020-05-07,-0.2840361904761905,0.2741323809523809,34
2020-05-08,-0.3247490476190476,0.2966771428571428,34
2020-05-09,-0.2903295238095238,0.3178042857142857,34
2020-05-10,-0.2568047619047619,0.3105290476190476,34
2020-05-11,-0.3079514285714285,0.2966614285714285,34
2020-05-12,-0.273307619047619,0.2831085714285714,34
2020-05-13,-0.2702490476190476,0.2656919047619047,34
2020-05-14,-0.2519023809523809,0.2633323809523809,34
2020-05-15,-0.2413157142857142,0.2467395238095238,34
2020-05-16,-0.1862861904761904,0.2609780952380952,34
2020-05-17,-0.2220057142857142,0.3033919047619047,34
2020-05-18,-0.2518361904761904,0.2664566666666667,34
2020-05-19,-0.2382723809523809,0.2664957142857143,34
2020-05-20,-0.2531380952380952,0.260895238095238,34
2020-05-21,-0.2217219047619047,0.2478004761904761,34
2020-05-22,-0.2417857142857142,0.248047619047619,34
2020-05-23,-0.2855985714285714,0.3015909523809523,34
2020-05-24,-0.2053542857142856,0.2885680952380952,34
2020-05-25,-0.3575128571428571,0.2864447619047619,34
2020-05-26,-0.1913514285714285,0.2351595238095238,34
2020-05-27,-0.2118595238095238,0.2403647619047619,34
2020-05-28,-0.2259028571428571,0.2538428571428571,34
2020-05-29,-0.2291547619047619,0.2384199999999999,34
2020-05-30,-0.1532714285714285,0.2434885714285714,34
2020-05-31,-0.1287909523809523,0.2657642857142857,34
2020-06-01,-0.1754495238095238,0.2292914285714285,34
2020-06-02,-0.1898457142857142,0.2377095238095238,34
2020-06-03,-0.2218161904761904,0.24018,34
2020-06-04,-0.1849819047619047,0.2266833333333333,34
2020-06-05,-0.2052690476190476,0.2287195238095238,34
2020-06-06,-0.1395471428571428,0.2386042857142856,34
2020-06-07,-0.087917619047619,0.2539323809523809,34
2020-06-08,-0.1490842857142857,0.2172795238095237,34
2020-06-09,-0.1403519047619047,0.2209209523809523,34
2020-06-10,-0.1679199999999999,0.22113,34
2020-06-11,-0.204397619047619,0.2389357142857142,34
2020-06-12,-0.1437299999999999,0.2008233333333333,34
2020-06-13,-0.0589457142857142,0.2121104761904761,34
2020-06-14,-0.0628547619047618,0.2435047619047619,34
2020-06-15,-0.1209204761904761,0.2064538095238094,34
2020-06-16,-0.1075057142857142,0.2052009523809523,34
2020-06-17,-0.1455852380952381,0.2076228571428571,34
2020-06-18,-0.1511457142857142,0.2118242857142857,34
2020-06-19,-0.1213961904761904,0.1920347619047619,34
2020-06-20,-0.0648409523809523,0.2104285714285714,34
2020-06-21,-0.0625033333333333,0.2275261904761904,34
2020-06-22,-0.1054504761904761,0.1961490476190475,34
2020-06-23,-0.1066047619047619,0.2020571428571428,34
2020-06-24,-0.1204599999999999,0.1956428571428571,34
2020-06-25,-0.0957728571428571,0.1923195238095238,34
2020-06-26,-0.0921980952380952,0.1823042857142856,34
2020-06-27,-0.0667057142857142,0.2135723809523809,34
2020-06-28,-0.0420304761904761,0.2377166666666666,34
2020-06-29,-0.0807342857142857,0.1957385714285714,34
2020-06-30,-0.0849923809523809,0.1977885714285714,34
2020-07-01,-0.113647619047619,0.1941552380952381,34
2020-07-02,-0.0535566666666666,0.1817099999999999,34
2020-07-03,-0.1195857142857142,0.1897304761904762,34
2020-07-04,-0.1589095238095238,0.2153742857142856,34
2020-07-05,-0.0379347619047619,0.2251952380952381,34
2020-07-06,-0.0991890476190476,0.206145238095238,34
2020-07-07,-0.0904228571428571,0.1963280952380952,34
2020-07-08,-0.1193838095238094,0.1970185714285714,34
2020-07-09,-0.091367619047619,0.190517619047619,34
2020-07-10,-0.2137528571428571,0.2368033333333333,34
2020-07-11,-0.0808804761904762,0.2150666666666666,34
2020-07-12,-0.0050933333333333,0.2287119047619047,34
2020-07-13,-0.0719099999999999,0.19057,34
2020-07-14,-0.0711371428571428,0.1884628571428571,34
2020-07-15,-0.0938799999999999,0.1854699999999999,34
2020-07-16,-0.0783471428571428,0.1849266666666666,34
2020-07-17,-0.0997766666666666,0.1875095238095238,34
2020-07-18,-0.0248361904761904,0.2023285714285714,34
2020-07-19,-0.0176014285714285,0.2370642857142857,34
2020-07-20,-0.0943357142857142,0.2046514285714285,34
2020-03-23,-0.4216088524590163,0.3692127868852459,36
2020-03-24,-0.3641301639344262,0.3327539344262294,36
2020-03-25,-0.3683788524590163,0.3207060655737704,36
2020-03-26,-0.3063898360655737,0.2936903278688524,36
2020-03-27,-0.3095621311475409,0.2811129508196721,36
2020-03-28,-0.3955286885245901,0.3644531147540983,36
2020-03-29,-0.4123006557377049,0.4095147540983606,36
2020-03-30,-0.3874613114754098,0.3389390163934426,36
2020-03-31,-0.3564439344262295,0.324432131147541,36
2020-04-01,-0.3215288524590164,0.2960772131147541,36
2020-04-02,-0.3215850819672131,0.3110067213114754,36
2020-04-03,-0.3478424590163934,0.3102519672131147,36
2020-04-04,-0.3378560655737705,0.3336488524590164,36
2020-04-05,-0.3549018032786885,0.3752322950819672,36
2020-04-06,-0.3145691803278688,0.2988013114754098,36
2020-04-07,-0.296297868852459,0.2985809836065573,36
2020-04-08,-0.3586085245901639,0.3168627868852459,36
2020-04-09,-0.3656659016393442,0.3406940983606557,36
2020-04-10,-0.3873668852459017,0.3352663934426229,36
2020-04-11,-0.328256393442623,0.333725081967213,36
2020-04-12,-0.4005198360655737,0.3864940983606557,36
2020-04-13,-0.4108654098360655,0.3625319672131147,36
2020-04-14,-0.3140095081967213,0.3082870491803278,36
2020-04-15,-0.3057375409836065,0.304459344262295,36
2020-04-16,-0.3068170491803278,0.3161059016393442,36
2020-04-17,-0.3186373770491803,0.2990744262295082,36
2020-04-18,-0.3487008196721311,0.3521334426229508,36
2020-04-19,-0.2919132786885245,0.3566773770491803,36
2020-04-20,-0.2868450819672131,0.2968904918032786,36
2020-04-21,-0.3314550819672131,0.3304403278688524,36
2020-04-22,-0.3303890163934426,0.3156959016393442,36
2020-04-23,-0.2839327868852459,0.3049913114754098,36
2020-04-24,-0.2992662295081967,0.295123606557377,36
2020-04-25,-0.1974429508196721,0.2819575409836065,36
2020-04-26,-0.3532904918032786,0.3938340983606557,36
2020-04-27,-0.3178760655737704,0.3177447540983606,36
2020-04-28,-0.2256568852459016,0.2717095081967213,36
2020-04-29,-0.255315737704918,0.277925081967213,36
2020-04-30,-0.2782918032786885,0.3075596721311475,36
2020-05-01,-0.2348011475409836,0.2605826229508196,36
2020-05-02,-0.1455970491803278,0.2625537704918033,36
2020-05-03,-0.1059552459016393,0.2832968852459016,36
2020-05-04,-0.23401,0.276705081967213,36
2020-05-05,-0.1928691803278688,0.2586440983606557,36
2020-05-06,-0.2355190163934426,0.2733199999999999,36
2020-05-07,-0.1760718032786885,0.2553960655737705,36
2020-05-08,-0.2128759016393442,0.2611622950819672,36
2020-05-09,-0.2439644262295081,0.3153701639344262,36
2020-05-10,-0.1685940983606557,0.30344,36
2020-05-11,-0.2648504918032787,0.2924059016393442,36
2020-05-12,-0.2040765573770492,0.2682190163934426,36
2020-05-13,-0.1788775409836065,0.2476521311475409,36
2020-05-14,-0.1507509836065573,0.2459349180327869,36
2020-05-15,-0.1818075409836065,0.2393034426229508,36
2020-05-16,-0.0939003278688524,0.2471552459016393,36
2020-05-17,-0.1000624590163934,0.2811188524590163,36
2020-05-18,-0.1959347540983606,0.2603739344262294,36
2020-05-19,-0.1274498360655737,0.2372642622950819,36
2020-05-20,-0.124937868852459,0.2273403278688524,36
2020-05-21,-0.0723545901639344,0.2197252459016393,36
2020-05-22,-0.0881475409836065,0.210673606557377,36
2020-05-23,-0.105959344262295,0.2527701639344262,36
2020-05-24,-0.030603606557377,0.253765737704918,36
2020-05-25,-0.2187034426229508,0.2597863934426229,36
2020-05-26,-0.0993950819672131,0.2264391803278688,36
2020-05-27,-0.1130963934426229,0.2252121311475409,36
2020-05-28,-0.1056834426229508,0.2325609836065573,36
2020-05-29,-0.1443926229508196,0.2267747540983606,36
2020-05-30,-0.0886626229508196,0.2452621311475409,36
2020-05-31,-0.0739567213114753,0.2750677049180328,36
2020-06-01,-0.1085699999999999,0.2238162295081967,36
2020-06-02,-0.1147770491803278,0.2292131147540983,36
2020-06-03,-0.1317709836065573,0.224145081967213,36
2020-06-04,-0.0661186885245901,0.2114721311475409,36
2020-06-05,-0.0793001639344262,0.2050432786885246,36
2020-06-06,-0.035103606557377,0.224451475409836,36
2020-06-07,-0.0028052459016393,0.2493801639344262,36
2020-06-08,-0.073517868852459,0.2081816393442622,36
2020-06-09,-0.0616086885245901,0.2086273770491803,36
2020-06-10,-0.0898881967213114,0.2107083606557377,36
2020-06-11,-0.0669091803278688,0.214917868852459,36
2020-06-12,-0.0462134426229508,0.1915711475409836,36
2020-06-13,-0.0110965573770491,0.2185683606557377,36
2020-06-14,0.0021977049180327,0.2470399999999999,36
2020-06-15,-0.0570211475409836,0.206125737704918,36
2020-06-16,-0.0357165573770491,0.1987085245901639,36
2020-06-17,-0.0484991803278688,0.1937150819672131,36
2020-06-18,-0.0127198360655737,0.193815737704918,36
2020-06-19,-0.0187795081967213,0.1865759016393442,36
2020-06-20,0.0345185245901639,0.2042167213114754,36
2020-06-21,0.0653427868852458,0.2245321311475409,36
2020-06-22,-0.0566422950819672,0.2051632786885245,36
2020-06-23,-0.0495962295081967,0.2023450819672131,36
2020-06-24,-0.0576631147540983,0.195679344262295,36
2020-06-25,-0.0080319672131147,0.1922962295081967,36
2020-06-26,-0.0101434426229508,0.1797131147540983,36
2020-06-27,-0.0270996721311475,0.2231739344262295,36
2020-06-28,0.0229896721311475,0.2453601639344262,36
2020-06-29,-0.0551454098360655,0.2063642622950819,36
2020-06-30,-0.0358919672131147,0.2031318032786885,36
2020-07-01,-0.0371301639344262,0.1894650819672131,36
2020-07-02,0.0435655737704918,0.1822890163934426,36
2020-07-03,-0.0364604918032786,0.1909580327868852,36
2020-07-04,-0.0803049180327868,0.2125221311475409,36
2020-07-05,0.0978632786885245,0.215583606557377,36
2020-07-06,-0.0283345901639344,0.200951475409836,36
2020-07-07,-0.0291618032786885,0.1970377049180327,36
2020-07-08,-0.0650908196721311,0.2004144262295082,36
2020-07-09,-0.0129296721311475,0.1956859016393442,36
2020-07-10,-0.0396777049180327,0.19543,36
2020-07-11,-0.0384590163934426,0.2278052459016393,36
2020-07-12,0.0407250819672131,0.2420081967213114,36
2020-07-13,-0.0409134426229508,0.1993962295081967,36
2020-07-14,-0.0263839344262295,0.1957816393442623,36
2020-07-15,-0.0309859016393442,0.1888554098360655,36
2020-07-16,-0.0180665573770491,0.1956403278688524,36
2020-07-17,-0.0365883606557376,0.1896439344262295,36
2020-07-18,0.0386306557377049,0.203057868852459,36
2020-07-19,0.0616662295081967,0.2378824590163934,36
2020-07-20,-0.0480598360655737,0.2057362295081967,36
2020-03-23,-0.34919046875,0.33120609375,42
2020-03-24,-0.30317296875,0.30185203125,42
2020-03-25,-0.34248796875,0.3127021875,42
2020-03-26,-0.2707609374999999,0.274574375,42
2020-03-27,-0.2860309374999999,0.26239046875,42
2020-03-28,-0.40189109375,0.36976890625,42
2020-03-29,-0.3562715624999999,0.3817531249999999,42
2020-03-30,-0.320078125,0.30548859375,42
2020-03-31,-0.3180406249999999,0.313538125,42
2020-04-01,-0.30382375,0.2875096875,42
2020-04-02,-0.3122303125,0.2986103125,42
2020-04-03,-0.3081159375,0.2783715625,42
2020-04-04,-0.33603875,0.32721640625,42
2020-04-05,-0.3245304687499999,0.36148921875,42
2020-04-06,-0.28949953125,0.28536875,42
2020-04-07,-0.28923890625,0.296740625,42
2020-04-08,-0.3003189062499999,0.286718125,42
2020-04-09,-0.3204609375,0.3120128125,42
2020-04-10,-0.3693703124999999,0.3184851562499999,42
2020-04-11,-0.30681265625,0.3137149999999999,42
2020-04-12,-0.372588125,0.37527375,42
2020-04-13,-0.3623699999999999,0.3357890625,42
2020-04-14,-0.2856809375,0.29998125,42
2020-04-15,-0.251018125,0.28102703125,42
2020-04-16,-0.268210625,0.29515625,42
2020-04-17,-0.3007835937499999,0.2899474999999999,42
2020-04-18,-0.303905,0.33014546875,42
2020-04-19,-0.2398307812499999,0.33906859375,42
2020-04-20,-0.2527060937499999,0.28160640625,42
2020-04-21,-0.2850109375,0.3094359375,42
2020-04-22,-0.2692199999999999,0.28761703125,42
2020-04-23,-0.26928328125,0.2902056249999999,42
2020-04-24,-0.2991970312499999,0.2818124999999999,42
2020-04-25,-0.20800265625,0.2816415625,42
2020-04-26,-0.33406421875,0.390685625,42
2020-04-27,-0.2457951562499999,0.28779328125,42
2020-04-28,-0.20322421875,0.267093125,42
2020-04-29,-0.21251765625,0.25667609375,42
2020-04-30,-0.25939234375,0.2966837499999999,42
2020-05-01,-0.19215421875,0.2392618749999999,42
2020-05-02,-0.1317284375,0.250475625,42
2020-05-03,-0.1144037499999999,0.2865914062499999,42
2020-05-04,-0.164480625,0.2497859374999999,42
2020-05-05,-0.1623056249999999,0.25019359375,42
2020-05-06,-0.2261995312499999,0.2753234375,42
2020-05-07,-0.1547171875,0.2421292187499999,42
2020-05-08,-0.2150560937499999,0.25781078125,42
2020-05-09,-0.1904706249999999,0.2918696875,42
2020-05-10,-0.1068240624999999,0.2823096874999999,42
2020-05-11,-0.20155265625,0.26953421875,42
2020-05-12,-0.1511034375,0.25136203125,42
2020-05-13,-0.12555140625,0.22770421875,42
2020-05-14,-0.1179128124999999,0.234089375,42
2020-05-15,-0.1222279687499999,0.2171037499999999,42
2020-05-16,-0.0571343749999999,0.2335828125,42
2020-05-17,-0.0870767187499999,0.284661875,42
2020-05-18,-0.1132682812499999,0.23482328125,42
2020-05-19,-0.0935201562499999,0.2290114062499999,42
2020-05-20,-0.1041720312499999,0.22414328125,42
2020-05-21,-0.0547699999999999,0.2130165624999999,42
2020-05-22,-0.11476421875,0.2200154687499999,42
2020-05-23,-0.07291390625,0.2383096874999999,42
2020-05-24,-0.0121996874999999,0.2500156249999999,42
2020-05-25,-0.1981678124999999,0.2542751562499999,42
2020-05-26,-0.0653184374999999,0.21407046875,42
2020-05-27,-0.0755240624999999,0.21359171875,42
2020-05-28,-0.0885043749999999,0.2239940624999999,42
2020-05-29,-0.1035698437499999,0.20746234375,42
2020-05-30,-0.0365940624999999,0.2247671875,42
2020-05-31,0.0085101562499999,0.2538265624999999,42
2020-06-01,-0.04840953125,0.2055954687499999,42
2020-06-02,-0.0512865624999999,0.2010396874999999,42
2020-06-03,-0.0815535937499999,0.2089065624999999,42
2020-06-04,-0.0544359374999999,0.20577765625,42
2020-06-05,-0.0614148437499999,0.1915843749999999,42
2020-06-06,0.0162314062499999,0.2084029687499999,42
2020-06-07,0.07969078125,0.2318521874999999,42
2020-06-08,-0.0175976562499999,0.1956812499999999,42
2020-06-09,-0.0113349999999999,0.1972659375,42
2020-06-10,-0.0497634374999999,0.201426875,42
2020-06-11,-0.033035,0.19758921875,42
2020-06-12,-0.0043459374999999,0.17631359375,42
2020-06-13,0.0496485937499999,0.1976224999999999,42
2020-06-14,0.0800470312499999,0.2306034374999999,42
2020-06-15,-0.0199090625,0.198026875,42
2020-06-16,0.0019321874999999,0.1921504687499999,42
2020-06-17,-0.0190920312499999,0.18695921875,42
2020-06-18,-0.0181715625,0.191084375,42
2020-06-19,-0.0147092187499999,0.18039296875,42
2020-06-20,0.0391067187499999,0.1993921874999999,42
2020-06-21,0.0967551562499999,0.2195682812499999,42
2020-06-22,-0.0231351562499999,0.2003085937499999,42
2020-06-23,-0.0255781249999999,0.2009789062499999,42
2020-06-24,-0.0176917187499999,0.1887615624999999,42
2020-06-25,0.0139728125,0.1855828125,42
2020-06-26,0.0053009375,0.1723343749999999,42
2020-06-27,0.0133937499999999,0.2093920312499999,42
2020-06-28,0.0804234374999999,0.232796875,42
2020-06-29,-0.00224953125,0.1909015624999999,42
2020-06-30,0.0142535937499999,0.18999875,42
2020-07-01,0.0174996874999999,0.1767699999999999,42
2020-07-02,0.0663678125,0.17400546875,42
2020-07-03,-0.0117995312499999,0.1789253125,42
2020-07-04,-0.0958348437499999,0.2112474999999999,42
2020-07-05,0.1108309374999999,0.2174793749999999,42
2020-07-06,-0.0012259374999999,0.19925546875,42
2020-07-07,0.00069796875,0.1954554687499999,42
2020-07-08,-0.036125625,0.1927345312499999,42
2020-07-09,0.0005271875,0.1894728124999999,42
2020-07-10,-0.03381828125,0.18841375,42
2020-07-11,0.0037790624999999,0.2114807812499999,42
2020-07-12,0.07994734375,0.2337309374999999,42
2020-07-13,-0.0210196875,0.1960381249999999,42
2020-07-14,0.0102854687499999,0.1879146874999999,42
2020-07-15,-0.0123860937499999,0.1824628125,42
2020-07-16,-0.0072601562499999,0.1886612499999999,42
2020-07-17,-0.0238371874999999,0.18233,42
2020-07-18,0.0474953125,0.2042396875,42
2020-07-19,0.07210296875,0.24134765625,42
2020-07-20,-0.0322409375,0.20471484375,42
2020-03-23,-0.1715228723404255,0.1951002127659574,48
2020-03-24,-0.168359947368421,0.1943476315789473,48
2020-03-25,-0.1745853439153439,0.1975668253968253,48
2020-03-26,-0.207760947368421,0.1989851052631578,48
2020-03-27,-0.2482730687830687,0.1944508994708994,48
2020-03-28,-0.3255572872340425,0.2470987765957446,48
2020-03-29,-0.2987845212765957,0.2766861702127659,48
2020-03-30,-0.2442808510638297,0.226343244680851,48
2020-03-31,-0.2188542553191489,0.2147387234042553,48
2020-04-01,-0.194329414893617,0.202481914893617,48
2020-04-02,-0.2477847619047619,0.2170333333333333,48
2020-04-03,-0.2908786772486773,0.2166892063492063,48
2020-04-04,-0.4031077659574468,0.2965154255319148,48
2020-04-05,-0.3667421276595745,0.3086329255319149,48
2020-04-06,-0.2475527659574467,0.2247109042553191,48
2020-04-07,-0.2386782978723404,0.2219523404255318,48
2020-04-08,-0.2358327659574468,0.2183874468085106,48
2020-04-09,-0.2517248404255319,0.2180642553191489,48
2020-04-10,-0.3111471276595745,0.2212403191489361,48
2020-04-11,-0.3491098936170212,0.2490661170212766,48
2020-04-12,-0.3773260638297872,0.2950660638297872,48
2020-04-13,-0.2401035638297872,0.2206330851063829,48
2020-04-14,-0.231032659574468,0.2246398936170212,48
2020-04-15,-0.172904414893617,0.2010728723404255,48
2020-04-16,-0.1996604278074866,0.200943743315508,48
2020-04-17,-0.2453386170212765,0.2013458510638298,48
2020-04-18,-0.2908409574468085,0.2358129787234042,48
2020-04-19,-0.2902112765957447,0.2773812234042553,48
2020-04-20,-0.1847397872340425,0.2009483510638297,48
2020-04-21,-0.1849934574468084,0.2005496808510638,48
2020-04-22,-0.2224031382978723,0.2124421276595744,48
2020-04-23,-0.2010063101604278,0.1954441176470588,48
2020-04-24,-0.2103779787234042,0.1836043617021276,48
2020-04-25,-0.2258489839572192,0.2096546524064171,48
2020-04-26,-0.2038630481283422,0.2436955614973261,48
2020-04-27,-0.1517846276595744,0.1920123404255319,48
2020-04-28,-0.1718147340425531,0.1978079787234042,48
2020-04-29,-0.1550067553191489,0.1878997340425532,48
2020-04-30,-0.1500629255319149,0.1793540957446808,48
2020-05-01,-0.1462305347593582,0.1599544385026738,48
2020-05-02,-0.1615793548387096,0.1909936559139785,48
2020-05-03,-0.1362728723404255,0.2223292553191489,48
2020-05-04,-0.1099564171122994,0.1765899999999999,48
2020-05-05,-0.1120818181818181,0.1774526737967914,48
2020-05-06,-0.1109045744680851,0.1745539893617021,48
2020-05-07,-0.1251765775401069,0.1729920855614973,48
2020-05-08,-0.1495458823529411,0.1650347593582887,48
2020-05-09,-0.1274412834224599,0.1783845454545454,48
2020-05-10,-0.0789359893048128,0.1935580748663101,48
2020-05-11,-0.0900582352941176,0.1708324598930481,48
2020-05-12,-0.120734973262032,0.1811002139037432,48
2020-05-13,-0.0918058064516128,0.1711176881720429,48
2020-05-14,-0.1156843548387096,0.1707082795698924,48
2020-05-15,-0.1239787027027026,0.1588366486486486,48
2020-05-16,-0.1836671351351351,0.2052591891891891,48
2020-05-17,-0.109765752688172,0.2180311827956989,48
2020-05-18,-0.0657173655913978,0.1670462365591397,48
2020-05-19,-0.0795149729729729,0.1687564864864864,48
2020-05-20,-0.0669535483870967,0.1647644086021505,48
2020-05-21,-0.0874932065217391,0.1641298913043478,48
2020-05-22,-0.096931256830601,0.1536560655737704,48
2020-05-23,-0.0906701612903225,0.1755915591397849,48
2020-05-24,-0.0937806486486486,0.2112907027027027,48
2020-05-25,-0.2360705978260869,0.2302911956521739,48
2020-05-26,-0.0908437362637362,0.1689351648351648,48
2020-05-27,-0.0709365573770491,0.1665140983606557,48
2020-05-28,-0.0835301081081081,0.1634768648648648,48
2020-05-29,-0.0911485869565217,0.1497897826086956,48
2020-05-30,-0.0719920218579234,0.1692152459016393,48
2020-05-31,-0.046048956043956,0.2009496703296703,48
2020-06-01,-0.0488143169398907,0.162497868852459,48
2020-06-02,-0.0576772677595628,0.1622344262295081,48
2020-06-03,-0.0312165934065934,0.1528923076923076,48
2020-06-04,-0.061662044198895,0.1554938674033149,48
2020-06-05,-0.0790120329670329,0.1465295604395604,48
2020-06-06,-0.0501214207650273,0.1673024590163934,48
2020-06-07,-0.024482817679558,0.1973058563535911,48
2020-06-08,-0.0515308287292817,0.1632066850828729,48
2020-06-09,-0.0555356830601092,0.1641716393442623,48
2020-06-10,-0.0313975690607734,0.1568117127071823,48
2020-06-11,-0.0536802185792349,0.1530344808743169,48
2020-06-12,-0.0652037362637362,0.1436371978021977,48
2020-06-13,-0.0490656906077347,0.1649955801104972,48
2020-06-14,-0.0087794999999999,0.1947014444444444,48
2020-06-15,-0.0297393296089385,0.1604134636871508,48
2020-06-16,-0.0405987222222222,0.1608276666666666,48
2020-06-17,-0.0305741988950276,0.1575438121546961,48
2020-06-18,-0.0515398333333333,0.1545639444444444,48
2020-06-19,-0.0633893956043955,0.1502162637362637,48
2020-06-20,-0.0550570718232044,0.1706907734806629,48
2020-06-21,-0.0215701111111111,0.1918935555555555,48
2020-06-22,-0.0666839106145251,0.1712879329608938,48
2020-06-23,-0.0810243575418994,0.1741364804469273,48
2020-06-24,-0.0727900558659217,0.1689414525139664,48
2020-06-25,-0.0830083240223463,0.1668448044692737,48
2020-06-26,-0.1132273888888888,0.1623213333333333,48
2020-06-27,-0.1118051396648044,0.1871747486033519,48
2020-06-28,-0.0808186516853932,0.2171947752808988,48
2020-06-29,-0.0741131073446327,0.1759363276836158,48
2020-06-30,-0.0673273295454545,0.1715801704545454,48
2020-07-01,-0.0414686363636363,0.1626376136363636,48
2020-07-02,-0.0439298870056497,0.1622585875706214,48
2020-07-03,-0.1204972625698324,0.1640651396648044,48
2020-07-04,-0.2088993785310734,0.1970355932203389,48
2020-07-05,-0.0751949162011173,0.2090749720670391,48
2020-07-06,-0.0868831460674157,0.1812138202247191,48
2020-07-07,-0.0995067231638417,0.1821602824858757,48
2020-07-08,-0.0769118644067796,0.175954011299435,48
2020-07-09,-0.0964558192090395,0.1742721468926553,48
2020-07-10,-0.1198671186440677,0.1645536723163841,48
2020-07-11,-0.119732824858757,0.1927001694915254,48
2020-07-12,-0.1041157714285714,0.2270188571428571,48
2020-07-13,-0.0843197159090909,0.1802974999999999,48
2020-07-14,-0.0862347428571428,0.1775285142857142,48
2020-07-15,-0.0682081920903954,0.1732764971751412,48
2020-07-16,-0.0923244886363636,0.1733510795454545,48
2020-07-17,-0.1129383615819209,0.1664457627118644,48
2020-07-18,-0.1090198305084745,0.1906645197740112,48
2020-07-19,-0.0819105142857142,0.2231892,48
2020-07-20,-0.0796464571428571,0.1800419428571428,48
2020-03-23,-0.2578999999999999,0.2609118803418803,51
2020-03-24,-0.2141293162393162,0.2411861538461538,51
2020-03-25,-0.2966315384615384,0.2702975213675214,51
2020-03-26,-0.2107200854700854,0.234971282051282,51
2020-03-27,-0.2261589655172413,0.2215432758620689,51
2020-03-28,-0.2583563247863247,0.2672440170940171,51
2020-03-29,-0.2498744444444444,0.2967329914529914,51
2020-03-30,-0.2134786324786324,0.2341644444444444,51
2020-03-31,-0.2756097435897435,0.2762628205128205,51
2020-04-01,-0.2772350427350427,0.2611564957264957,51
2020-04-02,-0.2461457264957264,0.2538597435897435,51
2020-04-03,-0.2407310256410256,0.227482735042735,51
2020-04-04,-0.2764517948717948,0.2743029059829059,51
2020-04-05,-0.2843650427350427,0.3104150427350427,51
2020-04-06,-0.241157094017094,0.2506908547008546,51
2020-04-07,-0.2300638461538461,0.2517505128205128,51
2020-04-08,-0.2587905982905982,0.249025641025641,51
2020-04-09,-0.2437722222222222,0.2516657264957265,51
2020-04-10,-0.2856255555555555,0.2548092307692307,51
2020-04-11,-0.2566568376068376,0.2663199145299145,51
2020-04-12,-0.3345039316239316,0.3223272649572649,51
2020-04-13,-0.3242906837606837,0.2848294871794871,51
2020-04-14,-0.2231238461538461,0.2489903418803419,51
2020-04-15,-0.221132627118644,0.2455829661016949,51
2020-04-16,-0.1920651282051282,0.2386123931623931,51
2020-04-17,-0.2149881896551723,0.2231222413793103,51
2020-04-18,-0.2512735344827586,0.2772181896551723,51
2020-04-19,-0.2352768103448275,0.2969527586206896,51
2020-04-20,-0.256693448275862,0.2632371551724138,51
2020-04-21,-0.202481724137931,0.2453474137931034,51
2020-04-22,-0.2044277777777777,0.2307947008547008,51
2020-04-23,-0.2380214529914529,0.2603537606837606,51
2020-04-24,-0.2515734188034187,0.2380420512820512,51
2020-04-25,-0.2415822222222222,0.2734933333333333,51
2020-04-26,-0.2723577777777777,0.3182793162393162,51
2020-04-27,-0.2039876068376068,0.2478643589743589,51
2020-04-28,-0.175451282051282,0.2389099999999999,51
2020-04-29,-0.1660066666666666,0.2192457264957264,51
2020-04-30,-0.2425519999999999,0.2632081739130434,51
2020-05-01,-0.169029224137931,0.2079099999999999,51
2020-05-02,-0.122792564102564,0.2261719658119658,51
2020-05-03,-0.1453977777777778,0.2655915384615384,51
2020-05-04,-0.1335694017094017,0.2142445299145298,51
2020-05-05,-0.1746137068965517,0.2358247413793103,51
2020-05-06,-0.1888094871794871,0.2330660683760683,51
2020-05-07,-0.1309088888888888,0.21497,51
2020-05-08,-0.1721743589743589,0.2153136752136752,51
2020-05-09,-0.1485970085470085,0.244931282051282,51
2020-05-10,-0.1112002564102564,0.2514692307692307,51
2020-05-11,-0.1558488034188034,0.2288968376068376,51
2020-05-12,-0.140709829059829,0.2253158974358974,51
2020-05-13,-0.1456685344827586,0.2144764655172413,51
2020-05-14,-0.1187463793103448,0.2120118965517241,51
2020-05-15,-0.1141745689655172,0.1911678448275861,51
2020-05-16,-0.0784172173913043,0.2163966086956521,51
2020-05-17,-0.1098425862068965,0.2591568965517241,51
2020-05-18,-0.1552113043478261,0.2314339999999999,51
2020-05-19,-0.1675419130434782,0.2360840869565217,51
2020-05-20,-0.1811597391304347,0.2352950434782608,51
2020-05-21,-0.153159304347826,0.2258574782608695,51
2020-05-22,-0.1412024347826087,0.2026083478260869,51
2020-05-23,-0.0755730434782608,0.2160343478260869,51
2020-05-24,-0.0956506140350877,0.2500321052631579,51
2020-05-25,-0.2425347826086956,0.2539411304347826,51
2020-05-26,-0.0932208695652173,0.2010070434782608,51
2020-05-27,-0.11956,0.207025,51
2020-05-28,-0.1101231578947368,0.2083678070175438,51
2020-05-29,-0.1183126315789473,0.1924313157894736,51
2020-05-30,-0.0671709565217391,0.2125849565217391,51
2020-05-31,-0.0448558260869565,0.2379806086956521,51
2020-06-01,-0.053763947368421,0.1898737719298245,51
2020-06-02,-0.0679073684210526,0.1925186842105263,51
2020-06-03,-0.0675166956521739,0.1873855652173912,51
2020-06-04,-0.0587246956521739,0.1914199130434782,51
2020-06-05,-0.0996902631578947,0.1851313157894736,51
2020-06-06,-0.0419528070175438,0.2080604385964912,51
2020-06-07,-0.0110445614035087,0.229203245614035,51
2020-06-08,-0.0625964912280701,0.1914435087719298,51
2020-06-09,-0.0645169298245613,0.1931884210526315,51
2020-06-10,-0.0838014912280701,0.1923521929824561,51
2020-06-11,-0.0735908849557522,0.1934162831858407,51
2020-06-12,-0.06795,0.1746421929824561,51
2020-06-13,0.0058851304347826,0.1941212173913043,51
2020-06-14,-0.0119781578947368,0.2308160526315789,51
2020-06-15,-0.0998949999999999,0.2090462280701754,51
2020-06-16,-0.1124864912280701,0.2115356140350877,51
2020-06-17,-0.1400128947368421,0.2131691228070175,51
2020-06-18,-0.0807211403508771,0.1920070175438596,51
2020-06-19,-0.0905710526315789,0.1808653508771929,51
2020-06-20,-0.0328975438596491,0.2056434210526315,51
2020-06-21,-0.0092337168141592,0.2203195575221238,51
2020-06-22,-0.0677778070175438,0.1950769298245614,51
2020-06-23,-0.0584183185840707,0.1890313274336283,51
2020-06-24,-0.0564200877192982,0.1824043859649122,51
2020-06-25,-0.0430354385964912,0.1826127192982456,51
2020-06-26,-0.0487909649122806,0.1707478070175438,51
2020-06-27,0.0153753097345132,0.1961259292035398,51
2020-06-28,-0.0039860526315789,0.2326495614035087,51
2020-06-29,-0.0498918584070796,0.1934523008849557,51
2020-06-30,-0.0419116666666666,0.1873255263157894,51
2020-07-01,-0.0414942477876106,0.1785857522123893,51
2020-07-02,0.0148300884955752,0.1708342477876106,51
2020-07-03,-0.0597664285714285,0.1777330357142857,51
2020-07-04,-0.1048198214285714,0.2058631249999999,51
2020-07-05,0.0039570175438596,0.2192130701754386,51
2020-07-06,-0.0503495535714285,0.1941435714285714,51
2020-07-07,-0.0465193749999999,0.1893416071428571,51
2020-07-08,-0.0683930357142857,0.1864695535714285,51
2020-07-09,-0.0407447787610619,0.1834007964601769,51
2020-07-10,-0.0649923008849557,0.174907610619469,51
2020-07-11,-0.0054047321428571,0.2007397321428571,51
2020-07-12,0.0023413274336283,0.2292878761061946,51
2020-07-13,-0.0570709009009008,0.1911048648648648,51
2020-07-14,-0.0499635714285714,0.1880669642857142,51
2020-07-15,-0.0548901818181818,0.1818162727272727,51
2020-07-16,-0.037354054054054,0.18314009009009,51
2020-07-17,-0.0658445871559633,0.1765010091743119,51
2020-07-18,-0.0206472972972972,0.2039227027027027,51
2020-07-19,-0.0185925225225225,0.2376334234234234,51
2020-07-20,-0.0710952727272727,0.1986883636363636,51
